Rank,Player,Team,Clearances per 90,Total Clearances,Minutes,Matches,Country,Red Cards,Yellow Cards,Fouls Committed per 90,Possessions Won in Final 3rd per 90,Possessions Won Midfield per 90,Clean Sheets,Goals Conceded,Penalties Won,Fouls Won per 90,Big Chances Missed,Shot Conversion Rate (%),Successful Dribbles per 90,Dribble Success Rate (%),Goals,Penalties,Big Chances Created,Total Assists,Tackles per 90,Tackle Success Rate (%),Expected Goals on Target (xGOT),Actual Goals,Expected Assists (xA),Actual Assists,Penalties Conceded,Total Matches,Interceptions per 90,Total Interceptions,Accurate Passes per 90,Pass Success (%),Goals per 90,Total Goals,Expected Assists per 90,Actual Assists per 90,Accurate Long Balls per 90,Successful Long Balls (%),Chances Created,Chances Created per 90,Saves per 90,Total Saves,Assists,Secondary Assists,FotMob Rating,Player of the Match Awards,Expected Goals per 90,Blocks per 90,Total Blocks,Goals Conceded per 90,Total Goals Conceded,Expected Goals (xG),Shots on Target per 90,Shot Accuracy (%),Shots per 90
1.0,Murillo,Nottingham Forest,6.0,185.0,2793.0,32.0,BRA,,,1.2,0.2,1.6,,,,,2.0,0.0,0.6,57.1,,,2.0,2.0,1.0,62.0,0.8,0.0,0.6,2.0,,,1.2,37.0,36.1,77.6,,,0.02,0.1,3.8,38.7,7.0,0.2,,,2.0,0.6,6.78,0.0,0.06,0.8,24.0,,,1.8,0.2,35.3,0.5
2.0,Ethan Pinnock,Brentford,6.0,167.0,2521.0,29.0,JAM,,,0.1,0.1,1.8,,,,,3.0,10.5,0.2,66.7,2.0,0.0,1.0,0.0,0.8,65.7,1.2,2.0,0.8,0.0,,,1.5,43.0,41.9,84.0,0.07,2.0,0.03,0.0,2.5,45.5,4.0,0.1,,,,,6.93,0.0,0.07,0.9,24.0,,,2.0,0.1,21.1,0.7
3.0,Raphaël Varane,Manchester United,5.6,86.0,1371.0,22.0,FRA,,,0.5,0.1,1.8,,,,,,,0.1,50.0,1.0,0.0,,,0.7,61.1,0.8,1.0,0.6,0.0,,,1.0,15.0,45.4,89.3,0.07,1.0,0.04,0.0,1.9,45.3,1.0,0.1,,,,,6.76,0.0,0.08,1.2,18.0,,,1.3,0.1,25.0,0.5
4.0,Willy Boly,Nottingham Forest,5.4,86.0,1443.0,20.0,CIV,1.0,1.0,1.2,0.1,1.1,,,,,2.0,14.3,0.2,60.0,2.0,0.0,4.0,1.0,1.8,63.0,2.5,2.0,0.8,1.0,,,1.6,25.0,29.4,77.1,0.12,2.0,0.05,0.1,1.9,32.6,9.0,0.6,,,1.0,0.8,7.07,0.0,0.09,1.3,21.0,,,1.5,0.4,42.9,0.9
5.0,Joachim Andersen,Crystal Palace,5.3,202.0,3416.0,38.0,DEN,,,1.1,0.1,2.1,,,,,3.0,9.5,0.4,70.0,2.0,0.0,5.0,3.0,0.9,62.5,1.1,2.0,2.3,3.0,,,1.1,41.0,45.1,79.5,0.05,2.0,0.06,0.1,5.3,42.4,20.0,0.5,,,3.0,2.3,7.03,2.0,0.04,0.5,18.0,,,1.7,0.2,38.1,0.6
6.0,Thiago Silva,Chelsea,5.3,150.0,2527.0,31.0,BRA,,,0.4,,,,,,,,,0.1,100.0,3.0,0.0,3.0,1.0,0.5,51.7,1.1,3.0,0.6,1.0,,,0.9,26.0,77.0,94.9,0.11,3.0,0.02,0.0,3.4,65.8,9.0,0.3,,,1.0,0.6,7.01,0.0,0.03,0.9,24.0,,,0.8,0.1,28.6,0.5
7.0,Auston Trusty,Sheffield United,5.1,145.0,2572.0,32.0,USA,,,0.8,0.1,1.1,,,,,1.0,0.0,0.2,54.5,,,3.0,0.0,1.0,63.8,0.3,0.0,0.8,0.0,1.0,32.0,1.2,35.0,23.4,79.0,,,0.03,0.0,1.3,38.0,8.0,0.3,,,,,6.25,0.0,0.02,0.8,22.0,,,0.6,0.1,25.0,0.3
8.0,Kurt Zouma,West Ham United,5.0,158.0,2838.0,33.0,FRA,,,0.8,,,,,,,,,0.1,66.7,3.0,0.0,,,0.5,73.9,2.5,3.0,0.1,0.0,1.0,33.0,0.9,29.0,30.4,83.9,0.1,3.0,0.0,0.0,2.2,39.7,4.0,0.1,,,,,6.54,0.0,0.06,0.9,28.0,,,1.8,0.2,43.8,0.5
9.0,Teden Mengi,Luton Town,5.0,136.0,2470.0,30.0,ENG,,,1.3,0.1,2.0,,,,,1.0,9.1,0.3,70.0,1.0,0.0,,,0.8,40.7,1.0,1.0,0.6,0.0,1.0,30.0,2.1,57.0,26.5,78.2,0.04,1.0,0.02,0.0,2.6,38.9,6.0,0.2,,,,,6.54,0.0,0.02,1.0,27.0,,,0.6,0.1,36.4,0.4
10.0,James Tarkowski,Everton,4.9,186.0,3419.0,38.0,ENG,,,1.2,0.2,2.0,,,,,4.0,4.0,0.4,80.0,1.0,0.0,5.0,1.0,1.1,68.9,1.0,1.0,2.7,1.0,1.0,38.0,1.5,56.0,31.2,77.8,0.03,1.0,0.07,0.0,4.2,53.4,22.0,0.6,,,1.0,2.7,7.13,2.0,0.07,1.5,56.0,,,2.7,0.1,20.0,0.7
11.0,Dara O'Shea,Burnley,4.9,158.0,2894.0,33.0,IRL,1.0,5.0,1.1,0.1,1.8,,,,,1.0,15.8,0.0,50.0,3.0,0.0,3.0,4.0,0.6,51.3,1.2,3.0,1.0,4.0,,,1.1,35.0,42.9,79.7,0.09,3.0,0.03,0.1,3.4,43.0,13.0,0.4,,,4.0,1.0,6.68,0.0,0.02,0.9,30.0,,,0.7,0.2,26.3,0.6
12.0,Craig Dawson,Wolverhampton Wanderers,4.8,119.0,2211.0,25.0,ENG,,,0.8,0.0,1.7,,,,,1.0,6.3,0.1,100.0,1.0,0.0,2.0,1.0,0.8,66.7,1.5,1.0,0.6,1.0,,,0.7,16.0,44.9,86.7,0.04,1.0,0.02,0.0,4.1,54.1,9.0,0.4,,,1.0,0.6,6.87,0.0,0.06,1.6,39.0,,,1.5,0.2,31.3,0.7
13.0,Jonny Evans,Manchester United,4.8,74.0,1396.0,23.0,NIR,,,1.1,0.1,1.4,,,,,,,0.3,66.7,,,1.0,1.0,0.9,63.6,0.7,0.0,0.3,1.0,,,1.5,23.0,46.8,87.9,,,0.02,0.1,1.1,32.1,6.0,0.4,,,1.0,0.3,6.85,0.0,0.03,1.2,18.0,,,0.4,,,0.1
14.0,Max Kilman,Wolverhampton Wanderers,4.7,179.0,3420.0,38.0,ENG,,,1.0,0.1,1.6,,,,,1.0,14.3,0.3,76.9,2.0,0.0,4.0,0.0,0.6,44.7,2.5,2.0,1.1,0.0,1.0,38.0,1.0,39.0,51.9,86.3,0.05,2.0,0.03,0.0,3.8,46.5,17.0,0.4,,,,,6.9,1.0,0.05,1.0,37.0,,,1.8,0.2,42.9,0.4
15.0,Konstantinos Mavropanos,West Ham United,4.7,78.0,1501.0,19.0,GRE,,,0.9,0.1,1.8,,,,,1.0,8.3,0.1,50.0,1.0,0.0,,,1.0,57.1,0.6,1.0,0.1,0.0,,,1.4,23.0,28.8,76.7,0.06,1.0,0.01,0.0,2.4,33.9,3.0,0.2,,,,,,,0.08,0.8,13.0,,,1.4,0.2,25.0,0.7
16.0,Anel Ahmedhodzic,Sheffield United,4.6,134.0,2649.0,31.0,BIH,1.0,9.0,1.2,0.0,1.1,,,,,4.0,10.5,0.4,55.0,2.0,0.0,1.0,0.0,1.2,56.3,2.0,2.0,0.6,0.0,,,1.2,34.0,24.5,75.6,0.07,2.0,0.02,0.0,1.6,31.5,7.0,0.2,,,,,6.19,0.0,0.11,0.9,26.0,,,3.2,0.2,26.3,0.6
17.0,Chris Richards,Crystal Palace,4.6,106.0,2091.0,26.0,USA,,,0.5,0.0,1.6,,,,,,,0.0,100.0,1.0,0.0,1.0,1.0,1.2,60.9,0.5,1.0,0.2,1.0,1.0,26.0,1.2,27.0,33.1,83.3,0.04,1.0,0.01,0.0,1.5,37.4,6.0,0.3,,,1.0,0.2,6.84,0.0,0.04,0.5,12.0,,,0.9,0.1,27.3,0.5
18.0,Jarrad Branthwaite,Everton,4.5,157.0,3117.0,35.0,ENG,,,0.7,0.1,2.4,,,1.0,0.5,1.0,21.4,0.1,71.4,3.0,0.0,1.0,0.0,0.9,48.5,1.7,3.0,1.3,0.0,1.0,35.0,1.4,50.0,31.7,80.1,0.09,3.0,0.04,0.0,2.1,40.1,4.0,0.1,,,,,7.12,0.0,0.05,1.0,36.0,,,1.8,0.1,28.6,0.4
19.0,Harry Maguire,Manchester United,4.5,83.0,1650.0,22.0,ENG,,,1.1,0.2,1.5,,,1.0,0.5,2.0,10.0,,,2.0,0.0,2.0,2.0,0.9,70.8,1.5,2.0,0.9,2.0,,,1.4,25.0,49.9,83.4,0.11,2.0,0.05,0.1,4.0,49.3,6.0,0.3,,,2.0,0.9,7.18,0.0,0.11,1.3,24.0,,,2.0,0.2,15.0,1.1
20.0,Tosin Adarabioyo,Fulham,4.5,80.0,1617.0,20.0,ENG,,,0.6,,,,,,,1.0,14.3,0.1,100.0,2.0,0.0,,,0.6,52.4,1.1,2.0,0.3,0.0,,,1.4,25.0,57.1,84.7,0.11,2.0,0.02,0.0,4.0,52.6,2.0,0.1,,,,,,,0.04,0.6,11.0,,,0.7,0.3,35.7,0.8
21.0,Nathan Collins,Brentford,4.4,129.0,2649.0,32.0,IRL,,,0.4,,,,,,,3.0,10.0,0.4,84.6,1.0,0.0,5.0,1.0,0.7,52.6,0.9,1.0,1.1,1.0,,,1.5,44.0,40.6,81.5,0.03,1.0,0.04,0.0,2.3,38.1,11.0,0.4,,,1.0,1.1,6.69,0.0,0.07,1.0,30.0,,,2.1,0.1,20.0,0.3
22.0,Gabriel Osho,Luton Town,4.3,88.0,1848.0,21.0,ENG,,,1.1,0.1,1.8,,,,,,,0.3,58.3,2.0,0.0,,,1.1,53.7,0.9,2.0,0.2,0.0,,,1.5,31.0,28.2,82.5,0.1,2.0,0.01,0.0,1.3,31.0,2.0,0.1,,,,,6.5,1.0,0.05,1.0,20.0,,,1.1,0.1,20.0,0.5
23.0,Marcos Senesi,Bournemouth,4.2,105.0,2247.0,31.0,ARG,,,1.6,0.4,3.0,,,,,,,0.4,57.9,4.0,0.0,2.0,5.0,1.3,58.2,2.2,4.0,2.6,5.0,,,1.4,35.0,39.6,78.5,0.16,4.0,0.1,0.2,5.0,44.2,22.0,0.9,,,5.0,2.6,7.2,1.0,0.08,0.9,23.0,,,2.1,0.2,30.8,0.5
24.0,Virgil van Dijk,Liverpool,4.0,142.0,3178.0,36.0,NED,1.0,3.0,0.7,0.0,2.4,,,,,3.0,4.4,0.1,50.0,2.0,0.0,3.0,2.0,0.7,57.5,2.3,2.0,1.0,2.0,,,1.1,39.0,74.4,91.5,0.06,2.0,0.03,0.1,4.4,62.4,11.0,0.3,,,2.0,1.0,7.39,0.0,0.08,1.0,34.0,,,2.9,0.4,31.1,1.3
25.0,Jack Robinson,Sheffield United,4.0,127.0,2885.0,34.0,ENG,,,0.6,0.0,1.2,,,,,2.0,7.1,0.2,62.5,1.0,0.0,1.0,1.0,0.9,65.1,2.5,1.0,1.0,1.0,,,1.0,33.0,25.6,77.3,0.03,1.0,0.03,0.0,2.2,36.5,12.0,0.4,,,1.0,1.0,6.38,0.0,0.04,1.0,33.0,,,1.2,0.2,42.9,0.4
26.0,Reece Burke,Luton Town,4.0,73.0,1663.0,22.0,ENG,,,1.1,0.1,1.3,,,,,3.0,0.0,0.2,66.7,,,3.0,4.0,1.2,62.2,1.2,0.0,0.9,4.0,1.0,22.0,1.0,18.0,28.7,77.5,,,0.05,0.2,1.9,33.3,13.0,0.7,,,4.0,0.9,6.7,0.0,0.07,1.0,18.0,,,1.3,0.2,30.8,0.7
27.0,Fabian Schär,Newcastle United,3.9,131.0,3054.0,36.0,SUI,,,1.1,0.1,1.9,,,2.0,0.8,2.0,11.4,0.4,61.9,4.0,0.0,2.0,1.0,0.7,57.1,2.7,4.0,1.4,1.0,,,1.1,36.0,51.7,83.2,0.12,4.0,0.04,0.0,5.5,50.1,10.0,0.3,,,1.0,1.4,6.85,1.0,0.08,1.1,38.0,,,2.6,0.3,25.7,1.0
28.0,Daniel Burn,Newcastle United,3.9,119.0,2732.0,33.0,ENG,,,1.1,0.1,1.9,,,,,4.0,8.7,0.1,66.7,2.0,0.0,3.0,2.0,1.1,54.1,1.8,2.0,1.1,2.0,1.0,33.0,1.2,37.0,40.1,81.1,0.07,2.0,0.04,0.1,0.8,27.5,10.0,0.3,,,2.0,1.1,6.9,0.0,0.1,0.8,25.0,,,3.1,0.2,26.1,0.8
29.0,Diego Carlos,Aston Villa,3.9,78.0,1811.0,27.0,BRA,,,1.3,0.0,1.5,,,,,2.0,0.0,0.1,50.0,,,,,0.8,59.3,0.7,0.0,0.4,0.0,,,0.6,13.0,58.8,88.4,,,0.02,0.0,3.3,41.8,3.0,0.1,,,,,6.45,0.0,0.12,0.9,19.0,,,2.3,0.0,10.0,0.5
30.0,Marc Guehi,Crystal Palace,3.9,88.0,2022.0,25.0,ENG,,,0.6,,,,,,,,,0.3,63.6,,,1.0,1.0,0.8,67.9,,,1.0,1.0,,,0.8,18.0,50.4,87.2,,,0.04,0.0,3.8,48.0,7.0,0.3,,,1.0,1.0,6.79,0.0,0.03,0.8,17.0,,,0.7,,,0.2
31.0,Nayef Aguerd,West Ham United,3.9,80.0,1859.0,21.0,MAR,1.0,1.0,0.5,,,,,,,2.0,7.1,0.1,60.0,1.0,0.0,,,0.7,53.8,1.3,1.0,0.4,0.0,1.0,21.0,0.8,17.0,45.4,80.5,0.05,1.0,0.02,0.0,5.0,39.5,4.0,0.2,,,,,6.56,0.0,0.08,1.2,24.0,,,1.6,0.2,28.6,0.7
32.0,Kristoffer Vassbakk Ajer,Brentford,3.8,78.0,1833.0,28.0,NOR,,,1.2,0.0,1.0,,,,,,,0.5,83.3,2.0,0.0,5.0,1.0,1.0,55.3,1.4,2.0,2.7,1.0,,,1.2,25.0,26.9,75.9,0.1,2.0,0.13,0.0,1.5,36.0,12.0,0.6,,,1.0,2.7,6.69,0.0,0.06,0.5,11.0,,,1.3,0.2,33.3,0.6
33.0,Joel Ward,Crystal Palace,3.8,84.0,1982.0,26.0,ENG,,,1.0,0.2,1.4,,,,,1.0,0.0,0.4,66.7,,,,,1.3,62.2,,,0.3,1.0,,,0.6,14.0,27.6,75.7,,,0.01,0.0,1.7,29.9,3.0,0.1,,,1.0,0.3,6.6,0.0,0.04,0.5,10.0,,,0.9,,,0.5
34.0,Illia Zabarnyi,Bournemouth,3.7,138.0,3330.0,37.0,UKR,,,0.6,0.0,1.7,,,,,2.0,12.5,0.2,81.8,1.0,0.0,,,0.9,54.2,1.0,1.0,0.6,0.0,,,0.9,33.0,39.7,81.6,0.03,1.0,0.02,0.0,3.5,39.2,7.0,0.2,,,,,6.67,0.0,0.03,0.9,34.0,,,1.1,0.1,37.5,0.2
35.0,Emerson Royal,Tottenham Hotspur,3.5,45.0,1155.0,22.0,BRA,,,1.1,0.5,2.1,,,,,,,0.8,62.5,1.0,0.0,1.0,0.0,1.9,66.7,0.5,1.0,0.9,0.0,,,1.6,20.0,67.4,91.2,0.08,1.0,0.07,0.0,1.5,52.8,3.0,0.2,,,,,,,0.02,0.8,10.0,,,0.2,0.2,50.0,0.5
36.0,Tomas Soucek,West Ham United,3.4,107.0,2874.0,37.0,CZE,,,1.3,0.2,2.3,,,,,11.0,16.3,0.1,36.4,7.0,0.0,4.0,2.0,1.1,66.0,6.9,7.0,1.2,2.0,1.0,37.0,1.2,37.0,22.5,75.7,0.22,7.0,0.04,0.1,1.0,44.9,20.0,0.6,,,2.0,1.2,6.95,0.0,0.22,0.9,28.0,,,6.9,0.5,34.9,1.3
37.0,Axel Disasi,Chelsea,3.4,97.0,2581.0,31.0,FRA,,,0.6,0.1,2.1,,,,,2.0,12.5,0.4,70.6,2.0,0.0,,,0.7,57.6,2.3,2.0,1.0,0.0,,,0.6,18.0,69.5,90.6,0.07,2.0,0.03,0.0,1.6,35.4,3.0,0.1,,,,,6.84,1.0,0.12,0.7,19.0,,,3.6,0.1,25.0,0.6
38.0,Lloyd Kelly,Bournemouth,3.4,59.0,1556.0,23.0,ENG,,,1.0,0.3,3.1,,,,,1.0,0.0,0.1,100.0,,,2.0,1.0,1.1,79.2,0.7,0.0,0.8,1.0,1.0,23.0,0.8,13.0,34.6,77.6,,,0.05,0.1,3.2,36.2,9.0,0.5,,,1.0,0.8,6.67,1.0,0.02,0.7,12.0,,,0.3,0.1,25.0,0.2
39.0,Cristian Romero,Tottenham Hotspur,3.2,100.0,2792.0,33.0,ARG,1.0,7.0,1.0,0.3,2.5,,,,,6.0,20.8,0.2,83.3,5.0,0.0,1.0,0.0,1.3,60.6,3.3,5.0,1.5,0.0,2.0,33.0,1.4,44.0,76.6,91.9,0.16,5.0,0.05,0.0,1.9,55.6,7.0,0.2,,,,,7.32,2.0,0.11,0.7,22.0,,,3.5,0.3,41.7,0.8
40.0,Levi Colwill,Chelsea,3.2,64.0,1798.0,23.0,ENG,,,1.3,0.2,1.7,,,,,,,0.5,69.2,1.0,0.0,3.0,1.0,1.5,62.5,1.7,1.0,0.5,1.0,,,1.3,26.0,43.9,83.4,0.05,1.0,0.03,0.1,2.2,38.4,7.0,0.4,,,1.0,0.5,7.1,2.0,0.06,0.5,10.0,,,1.3,0.2,27.3,0.6
41.0,Calvin Bassey,Fulham,3.1,80.0,2301.0,29.0,NGA,1.0,4.0,0.6,0.1,2.7,,,,,,,0.4,84.6,1.0,0.0,,,1.1,59.2,0.1,1.0,0.2,0.0,1.0,29.0,1.1,28.0,56.2,86.2,0.04,1.0,0.01,0.0,3.2,43.2,1.0,0.0,,,,,6.79,0.0,0.01,0.4,11.0,,,0.3,0.1,40.0,0.2
42.0,Antonee Robinson,Fulham,3.0,109.0,3270.0,37.0,USA,,,0.9,0.3,2.0,,,,,2.0,0.0,1.0,51.4,,,6.0,6.0,1.6,62.4,1.5,0.0,3.7,6.0,,,2.2,80.0,34.0,75.9,,,0.1,0.2,2.8,47.0,33.0,0.9,,,6.0,3.7,7.17,0.0,0.02,0.2,8.0,,,0.7,0.2,43.8,0.4
43.0,Vitalii Mykolenko,Everton,3.0,82.0,2471.0,28.0,UKR,,,0.8,0.1,2.0,,,,,1.0,7.7,0.7,62.1,2.0,0.0,2.0,0.0,1.4,55.1,1.6,2.0,1.1,0.0,,,1.3,36.0,24.1,74.9,0.07,2.0,0.04,0.0,2.0,40.3,13.0,0.5,,,,,7.06,2.0,0.06,0.4,11.0,,,1.5,0.2,19.2,0.9
44.0,Joel Veltman,Brighton and Hove Albion,3.0,52.0,1582.0,27.0,NED,,,1.0,0.2,1.8,,,,,,,0.1,16.7,1.0,0.0,1.0,1.0,2.3,75.9,0.9,1.0,0.6,1.0,,,1.0,18.0,39.1,84.9,0.06,1.0,0.03,0.1,1.7,46.2,4.0,0.2,,,1.0,0.6,6.72,0.0,0.03,0.4,7.0,,,0.5,0.2,60.0,0.3
45.0,Casemiro,Manchester United,3.0,66.0,1985.0,25.0,BRA,,,1.4,0.1,2.4,,,,,4.0,2.6,0.4,52.9,1.0,0.0,2.0,2.0,2.5,67.5,1.7,1.0,1.2,2.0,1.0,25.0,0.8,18.0,52.7,82.6,0.05,1.0,0.06,0.1,3.6,50.6,16.0,0.7,,,2.0,1.2,7.16,0.0,0.16,1.5,33.0,,,3.5,0.4,23.1,1.8
46.0,Moussa Niakhaté,Nottingham Forest,3.0,49.0,1457.0,21.0,SEN,1.0,3.0,0.7,0.1,1.7,,,,,,,0.2,100.0,1.0,0.0,,,1.5,59.5,1.0,1.0,0.3,0.0,,,0.9,14.0,36.3,85.5,0.06,1.0,0.02,0.0,1.9,38.3,3.0,0.2,,,,,6.57,0.0,0.07,0.7,12.0,,,1.1,0.1,20.0,0.3
47.0,Gabriel,Arsenal,2.9,97.0,3044.0,36.0,BRA,,,1.0,0.1,1.7,,,,,2.0,12.9,0.1,50.0,4.0,0.0,2.0,0.0,0.8,58.3,2.9,4.0,0.7,0.0,,,0.9,31.0,56.5,89.1,0.12,4.0,0.02,0.0,2.0,40.4,3.0,0.1,,,,,7.22,1.0,0.13,1.0,33.0,,,4.2,0.3,35.5,0.9
48.0,Matt Doherty,Wolverhampton Wanderers,2.9,37.0,1142.0,30.0,IRL,,,1.0,0.2,1.6,,,,,1.0,11.1,0.5,46.2,1.0,0.0,3.0,0.0,1.4,58.1,1.0,1.0,0.9,0.0,,,0.6,7.0,35.2,79.3,0.08,1.0,0.07,0.0,2.3,69.0,12.0,0.9,,,,,6.61,0.0,0.07,0.4,5.0,,,0.9,0.2,33.3,0.7
49.0,Cauley Woodrow,Luton Town,2.9,13.0,409.0,24.0,ENG,,,1.8,0.9,2.0,,,,,,,0.4,66.7,1.0,0.0,2.0,1.0,2.2,62.5,0.8,1.0,0.9,1.0,,,0.2,1.0,22.9,74.8,0.22,1.0,0.19,0.2,0.2,16.7,9.0,2.0,,,1.0,0.9,,,0.31,0.2,1.0,,,1.4,0.9,25.0,3.5
50.0,Ibrahima Konaté,Liverpool,2.9,51.0,1571.0,22.0,FRA,1.0,3.0,1.4,0.1,2.5,,,,,,,0.3,85.7,,,1.0,0.0,1.3,61.1,0.5,0.0,0.5,0.0,,,1.1,20.0,73.0,88.0,,,0.03,0.0,2.7,43.1,8.0,0.5,,,,,7.16,0.0,0.05,0.7,12.0,,,0.8,0.1,18.2,0.6
51.0,Álex Moreno,Aston Villa,2.9,33.0,1030.0,21.0,ESP,,,1.0,0.2,0.8,,,,,1.0,25.0,1.3,46.9,2.0,0.0,1.0,0.0,1.0,66.7,1.6,2.0,1.0,0.0,,,1.1,13.0,29.6,83.3,0.17,2.0,0.09,0.0,1.1,68.4,11.0,1.0,,,,,,,0.12,0.2,2.0,,,1.4,0.3,50.0,0.7
52.0,Amari'i Bell,Luton Town,2.9,55.0,1722.0,21.0,JAM,,,1.1,0.2,1.8,,,,,1.0,0.0,0.5,40.0,,,,,1.7,66.0,0.8,0.0,0.5,0.0,,,1.3,25.0,32.8,79.6,,,0.03,0.0,1.5,31.5,8.0,0.4,,,,,6.58,0.0,0.01,0.8,15.0,,,0.3,0.1,100.0,0.1
53.0,Toti Gomes,Wolverhampton Wanderers,2.8,87.0,2774.0,35.0,POR,,,1.2,0.2,1.5,,,,,3.0,10.0,0.7,82.1,1.0,0.0,2.0,3.0,0.8,56.8,1.3,1.0,0.6,3.0,,,0.8,26.0,46.0,82.8,0.03,1.0,0.02,0.1,1.5,28.0,6.0,0.2,,,3.0,0.6,6.9,0.0,0.05,0.6,19.0,,,1.6,0.2,50.0,0.3
54.0,Jayden Bogle,Sheffield United,2.8,86.0,2792.0,34.0,ENG,,,1.2,0.3,1.4,,,,,1.0,9.4,0.8,48.1,3.0,0.0,,,1.2,54.5,2.6,3.0,1.2,0.0,,,1.0,32.0,17.3,69.7,0.1,3.0,0.04,0.0,1.1,31.8,10.0,0.3,,,,,6.59,0.0,0.07,0.4,11.0,,,2.3,0.4,34.4,1.0
55.0,Mads Roerslev,Brentford,2.8,61.0,1987.0,34.0,DEN,,,0.5,0.2,0.9,,,,,1.0,14.3,0.5,42.3,1.0,0.0,3.0,2.0,1.4,64.6,1.0,1.0,1.4,2.0,,,0.9,19.0,18.9,68.9,0.05,1.0,0.06,0.1,1.0,29.3,15.0,0.7,,,2.0,1.4,6.58,0.0,0.04,0.1,3.0,,,0.9,0.0,14.3,0.3
56.0,Lewis Dunk,Brighton and Hove Albion,2.8,88.0,2872.0,33.0,ENG,1.0,7.0,0.7,,,,,,,1.0,9.1,0.2,71.4,3.0,0.0,1.0,1.0,0.4,51.9,3.6,3.0,2.2,1.0,1.0,33.0,1.0,31.0,93.1,92.5,0.09,3.0,0.07,0.0,4.7,55.2,13.0,0.4,,,1.0,2.2,6.91,0.0,0.1,1.2,37.0,,,3.1,0.4,36.4,1.0
57.0,Jan Paul van Hecke,Brighton and Hove Albion,2.8,74.0,2368.0,28.0,NED,,,0.5,0.2,1.4,,,,,2.0,0.0,0.2,71.4,,,,,1.0,55.3,1.5,0.0,1.1,0.0,1.0,28.0,1.1,30.0,84.3,92.5,,,0.04,0.0,3.3,62.9,10.0,0.4,,,,,7.05,0.0,0.05,1.0,27.0,,,1.2,0.2,40.0,0.6
58.0,Diogo Dalot,Manchester United,2.7,96.0,3173.0,36.0,POR,1.0,4.0,1.3,0.3,2.2,,,,,,,0.9,63.3,2.0,0.0,5.0,3.0,1.4,63.0,1.6,2.0,2.4,3.0,1.0,36.0,1.0,37.0,35.5,83.8,0.06,2.0,0.07,0.1,2.2,51.3,38.0,1.1,,,3.0,2.4,7.2,2.0,0.05,0.5,16.0,,,1.7,0.2,23.3,0.9
59.0,Pau Torres,Aston Villa,2.7,74.0,2463.0,29.0,ESP,,,0.7,0.1,1.5,,,,,3.0,16.7,0.6,65.4,2.0,0.0,1.0,0.0,0.7,62.1,1.0,2.0,0.7,0.0,,,0.5,14.0,56.8,87.8,0.07,2.0,0.03,0.0,3.1,47.2,8.0,0.3,,,,,6.93,1.0,0.04,0.4,12.0,,,1.0,0.2,41.7,0.4
60.0,Micky van de Ven,Tottenham Hotspur,2.7,71.0,2342.0,27.0,NED,,,0.5,0.1,2.7,,,,,,,0.6,62.5,3.0,0.0,,,1.3,71.4,1.1,3.0,0.3,0.0,1.0,27.0,0.7,18.0,64.6,94.3,0.12,3.0,0.01,0.0,1.6,60.3,1.0,0.0,,,,,7.12,1.0,0.04,0.6,15.0,,,1.0,0.1,37.5,0.3
61.0,Harry Toffolo,Nottingham Forest,2.7,44.0,1455.0,23.0,ENG,,,1.1,0.1,1.2,,,,,2.0,12.5,0.1,33.3,1.0,0.0,3.0,3.0,0.9,53.8,1.1,1.0,1.2,3.0,,,0.9,14.0,21.0,76.2,0.06,1.0,0.07,0.2,1.1,25.8,18.0,1.1,,,3.0,1.2,6.63,1.0,0.1,0.8,13.0,,,1.6,0.3,62.5,0.5
62.0,Aaron Wan-Bissaka,Manchester United,2.7,54.0,1781.0,22.0,ENG,,,0.9,0.3,1.8,,,,,,,0.9,65.4,,,1.0,2.0,1.3,59.5,0.0,0.0,1.4,2.0,1.0,22.0,2.1,41.0,34.9,82.9,,,0.07,0.1,0.7,31.7,12.0,0.6,,,2.0,1.4,7.03,1.0,0.01,0.8,15.0,,,0.1,0.1,33.3,0.2
63.0,Scott McTominay,Manchester United,2.6,54.0,1891.0,32.0,SCO,,,1.4,0.1,2.4,,,,,6.0,15.9,0.4,44.4,7.0,0.0,2.0,1.0,1.2,51.0,6.1,7.0,0.5,1.0,1.0,32.0,0.7,14.0,24.9,81.5,0.33,7.0,0.02,0.0,0.9,60.0,11.0,0.5,,,1.0,0.5,6.88,1.0,0.27,0.6,12.0,,,5.7,0.9,43.2,2.1
64.0,Edson Álvarez,West Ham United,2.6,70.0,2383.0,31.0,MEX,,,1.2,0.2,2.9,,,,,,,1.0,65.9,1.0,0.0,,,1.5,48.8,1.1,1.0,0.8,1.0,1.0,31.0,1.6,42.0,38.9,86.1,0.04,1.0,0.03,0.0,2.3,54.1,12.0,0.5,,,1.0,0.8,6.83,0.0,0.05,0.8,20.0,,,1.3,0.1,17.6,0.6
65.0,Ruben Dias,Manchester City,2.6,75.0,2557.0,30.0,POR,,,0.8,0.2,1.6,,,,,3.0,0.0,,,,,1.0,0.0,0.7,51.3,0.8,0.0,1.9,0.0,1.0,30.0,1.1,30.0,86.4,94.1,,,0.07,0.0,3.0,60.4,7.0,0.2,,,,,7.14,0.0,0.05,0.6,17.0,,,1.4,0.3,40.0,0.7
66.0,Charlie Taylor,Burnley,2.6,67.0,2332.0,28.0,ENG,,,0.8,0.2,1.5,,,,,,,0.3,60.0,1.0,0.0,4.0,1.0,0.8,57.1,0.1,1.0,1.7,1.0,,,0.7,19.0,31.7,78.9,0.04,1.0,0.06,0.0,2.0,37.2,15.0,0.6,,,1.0,1.7,6.62,0.0,0.01,0.4,11.0,,,0.2,0.0,10.0,0.4
67.0,Milos Kerkez,Bournemouth,2.6,56.0,1975.0,28.0,HUN,1.0,4.0,1.1,0.5,1.5,,,1.0,1.0,2.0,0.0,0.5,50.0,,,3.0,1.0,1.2,55.3,0.6,0.0,1.2,1.0,,,0.9,20.0,22.1,77.2,,,0.06,0.0,1.0,32.4,12.0,0.5,,,1.0,1.2,6.54,0.0,0.05,0.5,11.0,,,1.2,0.2,31.3,0.7
68.0,Valentino Livramento,Newcastle United,2.6,37.0,1305.0,26.0,ENG,,,0.2,0.3,2.2,,,,,1.0,25.0,1.2,68.0,1.0,0.0,1.0,0.0,0.9,56.5,1.1,1.0,0.8,0.0,,,1.7,25.0,40.4,86.8,0.07,1.0,0.06,0.0,0.9,37.1,12.0,0.8,,,,,6.72,0.0,0.03,0.5,7.0,,,0.4,0.1,50.0,0.3
69.0,Victor Nilsson Lindelöf,Manchester United,2.6,38.0,1332.0,19.0,SWE,,,1.0,0.2,1.8,,,,,,,0.1,100.0,1.0,0.0,,,0.7,66.7,1.0,1.0,0.4,1.0,,,0.8,12.0,53.0,89.5,0.07,1.0,0.03,0.1,1.8,49.1,8.0,0.5,,,1.0,0.4,,,0.05,0.6,9.0,,,0.8,0.3,66.7,0.4
70.0,Emerson,West Ham United,2.5,88.0,3142.0,36.0,ITA,,,0.9,0.4,1.4,,,2.0,0.9,2.0,5.3,0.7,42.9,1.0,0.0,2.0,2.0,1.9,64.2,1.2,1.0,2.1,2.0,1.0,36.0,1.2,43.0,34.1,82.9,0.03,1.0,0.06,0.1,1.2,37.2,25.0,0.7,,,2.0,2.1,6.94,0.0,0.04,0.4,15.0,,,1.5,0.1,21.1,0.5
71.0,Vinicius de Souza Costa,Sheffield United,2.5,75.0,2672.0,36.0,BRA,,,1.6,0.2,2.4,,,,,,,0.6,60.7,1.0,0.0,,,2.6,60.8,2.3,1.0,0.5,0.0,1.0,36.0,1.1,32.0,26.5,80.3,0.03,1.0,0.02,0.0,1.3,42.4,4.0,0.1,,,,,6.82,1.0,0.04,0.6,17.0,,,1.1,0.2,42.9,0.5
72.0,Destiny Udogie,Tottenham Hotspur,2.5,67.0,2398.0,28.0,ITA,1.0,5.0,1.9,0.8,2.4,,,,,3.0,22.2,0.9,48.0,2.0,0.0,3.0,3.0,1.2,48.5,2.8,2.0,2.0,3.0,,,1.4,37.0,39.9,87.5,0.08,2.0,0.08,0.1,0.3,35.0,24.0,0.9,,,3.0,2.0,7.09,0.0,0.09,0.3,8.0,,,2.5,0.2,55.6,0.3
73.0,Igor,Brighton and Hove Albion,2.5,45.0,1636.0,24.0,BRA,,,1.2,0.2,3.0,,,,,,,0.9,76.2,,,1.0,0.0,1.0,72.0,,,0.5,0.0,,,0.8,14.0,73.0,93.6,,,0.03,0.0,1.3,46.9,7.0,0.4,,,,,6.89,0.0,0.02,0.5,9.0,,,0.3,,,0.3
74.0,Hugo Bueno,Wolverhampton Wanderers,2.5,20.0,730.0,22.0,ESP,,,0.9,0.2,1.4,,,,,,,1.0,42.1,,,2.0,0.0,1.7,66.7,,,0.7,0.0,,,0.7,6.0,32.8,80.6,,,0.09,0.0,0.5,20.0,6.0,0.7,,,,,,,0.03,0.5,4.0,,,0.3,,,0.6
75.0,Nathan Patterson,Everton,2.5,28.0,999.0,20.0,SCO,,,1.6,0.6,2.2,,,,,1.0,0.0,0.6,41.2,,,3.0,2.0,2.2,70.6,,,1.0,2.0,,,0.8,9.0,26.8,73.0,,,0.09,0.2,2.4,42.9,8.0,0.7,,,2.0,1.0,,,0.03,0.3,3.0,,,0.3,,,0.4
76.0,Tyrick Mitchell,Crystal Palace,2.4,86.0,3208.0,37.0,ENG,,,0.6,0.3,2.0,,,,,2.0,16.7,0.5,51.4,2.0,0.0,5.0,3.0,1.7,57.1,1.3,2.0,2.4,3.0,,,0.7,26.0,25.1,74.2,0.06,2.0,0.07,0.1,1.0,31.8,24.0,0.7,,,3.0,2.4,7.07,0.0,0.05,0.3,10.0,,,1.6,0.1,33.3,0.3
77.0,Vladimir Coufal,West Ham United,2.4,83.0,3136.0,36.0,CZE,1.0,5.0,0.9,0.2,1.3,,,,,,,0.3,38.7,,,6.0,7.0,1.2,64.1,0.5,0.0,3.0,7.0,1.0,36.0,1.2,43.0,25.7,73.0,,,0.09,0.2,1.1,25.0,33.0,0.9,,,7.0,3.0,6.73,0.0,0.01,0.4,15.0,,,0.3,0.1,25.0,0.2
78.0,Dango Ouattara,Bournemouth,2.4,33.0,1220.0,30.0,BFA,,,1.1,0.6,2.4,,,,,2.0,3.3,1.5,51.2,1.0,0.0,1.0,2.0,2.0,60.0,1.1,1.0,1.4,2.0,,,1.6,22.0,22.4,67.6,0.07,1.0,0.1,0.1,1.3,37.0,17.0,1.3,,,2.0,1.4,6.79,1.0,0.2,0.2,3.0,,,2.6,0.5,23.3,2.2
79.0,Jefferson Lerma,Crystal Palace,2.4,64.0,2403.0,28.0,COL,,,1.6,0.5,3.0,,,,,2.0,2.9,0.4,64.7,1.0,0.0,3.0,1.0,0.9,59.5,1.8,1.0,2.0,1.0,,,1.3,36.0,37.8,82.4,0.04,1.0,0.07,0.0,1.5,44.9,24.0,0.9,,,1.0,2.0,7.15,1.0,0.1,0.4,12.0,,,2.7,0.3,26.5,1.3
80.0,Neco Williams,Nottingham Forest,2.4,43.0,1634.0,26.0,WAL,,,1.3,0.4,1.5,,,,,,,1.0,51.4,,,1.0,1.0,2.2,58.0,0.3,0.0,1.7,1.0,,,1.2,22.0,23.8,72.4,,,0.09,0.1,1.2,24.4,11.0,0.6,,,1.0,1.7,6.85,0.0,0.05,0.7,13.0,,,0.8,0.2,26.7,0.8
81.0,Issa Kaboré,Luton Town,2.4,46.0,1732.0,24.0,BFA,,,1.4,0.3,1.7,,,,,,,0.9,50.0,,,5.0,2.0,1.5,53.8,0.1,0.0,1.9,2.0,,,0.8,16.0,21.4,76.0,,,0.1,0.1,0.8,31.9,16.0,0.8,,,2.0,1.9,6.74,0.0,0.01,0.6,11.0,,,0.2,0.1,16.7,0.3
82.0,Takehiro Tomiyasu,Arsenal,2.4,30.0,1143.0,22.0,JPN,1.0,0.0,1.1,0.6,1.4,,,,,3.0,11.8,0.3,36.4,2.0,0.0,,,0.7,45.0,1.0,2.0,0.8,1.0,,,1.4,18.0,40.9,85.5,0.16,2.0,0.07,0.1,1.3,42.1,6.0,0.5,,,1.0,0.8,6.83,0.0,0.12,0.3,4.0,,,1.6,0.2,17.6,1.3
83.0,Nélson Semedo,Wolverhampton Wanderers,2.3,78.0,3092.0,36.0,POR,1.0,11.0,1.4,0.4,1.8,,,,,2.0,0.0,1.5,63.7,,,2.0,1.0,1.4,60.8,0.8,0.0,1.8,1.0,2.0,36.0,1.0,36.0,35.7,80.9,,,0.05,0.0,1.4,33.1,24.0,0.7,,,1.0,1.8,6.93,0.0,0.04,0.2,8.0,,,1.3,0.1,23.5,0.5
84.0,Pedro Porro,Tottenham Hotspur,2.3,80.0,3092.0,35.0,ESP,,,1.1,0.4,2.1,,,,,2.0,5.7,0.8,52.0,3.0,0.0,13.0,7.0,1.8,69.2,2.4,3.0,6.0,7.0,1.0,35.0,1.0,34.0,43.2,79.6,0.09,3.0,0.18,0.2,2.2,43.3,51.0,1.5,,,7.0,6.0,7.38,3.0,0.09,0.5,18.0,,,3.0,0.3,22.6,1.5
85.0,Lucas Digne,Aston Villa,2.3,61.0,2410.0,33.0,FRA,,,1.1,0.3,0.9,,,,,,,0.4,38.5,1.0,0.0,5.0,3.0,0.7,40.4,1.3,1.0,3.6,3.0,,,1.0,26.0,30.8,81.4,0.04,1.0,0.13,0.1,0.8,36.2,38.0,1.4,,,3.0,3.6,6.86,0.0,0.04,0.1,2.0,,,1.1,0.1,20.0,0.7
86.0,Joseph Gomez,Liverpool,2.3,45.0,1779.0,32.0,ENG,,,1.4,0.4,2.7,,,,,,,0.8,55.6,,,2.0,1.0,1.6,66.0,0.3,0.0,1.1,1.0,,,1.0,19.0,50.1,86.2,,,0.06,0.1,2.4,58.5,22.0,1.1,,,1.0,1.1,6.98,0.0,0.04,0.2,4.0,,,0.8,0.1,10.5,1.0
87.0,Nathan Aké,Manchester City,2.3,52.0,2044.0,29.0,NED,,,0.4,0.3,2.4,,,,,2.0,10.0,0.2,62.5,2.0,0.0,3.0,2.0,0.7,61.5,2.3,2.0,1.1,2.0,,,0.6,14.0,72.3,92.8,0.09,2.0,0.05,0.1,0.8,33.3,10.0,0.4,,,2.0,1.1,7.27,0.0,0.11,0.1,2.0,,,2.5,0.2,25.0,0.9
88.0,Oliver Norwood,Sheffield United,2.3,36.0,1433.0,27.0,NIR,,,0.9,0.4,2.7,,,,,,,0.1,50.0,1.0,1.0,1.0,0.0,1.6,63.4,1.7,1.0,1.2,0.0,1.0,27.0,1.3,21.0,38.8,72.2,0.06,1.0,0.08,0.0,4.3,34.3,17.0,1.1,,,,,6.81,1.0,0.07,0.6,9.0,,,1.1,0.4,40.0,0.9
89.0,Jakub Kiwior,Arsenal,2.3,24.0,945.0,20.0,POL,,,1.0,0.1,1.6,,,,,3.0,16.7,0.2,66.7,1.0,0.0,1.0,3.0,1.1,60.0,0.4,1.0,0.6,3.0,,,0.8,8.0,44.5,85.8,0.1,1.0,0.06,0.3,2.0,50.0,6.0,0.6,,,3.0,0.6,,,0.08,0.3,3.0,,,0.8,0.3,50.0,0.6
90.0,Manuel Akanji,Manchester City,2.2,61.0,2513.0,30.0,SUI,1.0,2.0,0.6,0.3,2.3,,,,,2.0,13.3,0.1,50.0,2.0,0.0,,,1.0,66.7,1.4,2.0,1.8,0.0,,,0.8,23.0,77.1,93.8,0.07,2.0,0.06,0.0,2.9,68.1,13.0,0.5,,,,,7.31,0.0,0.07,0.4,12.0,,,1.9,0.2,33.3,0.5
91.0,Matty Cash,Aston Villa,2.2,52.0,2142.0,29.0,POL,,,1.3,0.3,2.0,,,,,4.0,6.1,0.5,37.5,2.0,0.0,6.0,2.0,1.3,57.4,3.8,2.0,2.5,2.0,1.0,29.0,0.8,18.0,36.3,84.0,0.08,2.0,0.1,0.1,1.3,35.6,13.0,0.5,,,2.0,2.5,6.77,1.0,0.18,0.6,14.0,,,4.3,0.5,39.4,1.4
92.0,Sergio Reguilon,Brentford,2.2,38.0,1534.0,25.0,ESP,1.0,7.0,0.8,0.4,2.2,,,,,,,0.9,51.6,,,6.0,4.0,1.6,48.3,0.1,0.0,2.9,4.0,1.0,25.0,1.2,21.0,28.7,75.7,,,0.17,0.2,1.3,36.5,28.0,1.6,,,4.0,2.9,7.12,1.0,0.06,0.4,6.0,,,0.9,0.1,11.8,1.0
93.0,Ola Aina,Nottingham Forest,2.2,41.0,1700.0,22.0,NGA,,,1.0,0.4,1.5,,,,,,,1.4,65.9,1.0,0.0,,,1.6,66.0,0.4,1.0,1.0,1.0,1.0,22.0,1.0,18.0,26.8,79.9,0.05,1.0,0.05,0.1,1.1,42.6,11.0,0.6,,,1.0,1.0,6.91,0.0,0.01,0.2,3.0,,,0.3,0.1,9.1,0.6
94.0,William Saliba,Arsenal,2.1,78.0,3420.0,38.0,FRA,,,0.6,0.2,2.8,,,,,1.0,20.0,0.3,71.4,2.0,0.0,,,0.7,63.4,1.4,2.0,0.9,1.0,1.0,38.0,0.8,29.0,69.2,92.6,0.05,2.0,0.02,0.0,1.8,54.0,6.0,0.2,,,1.0,0.9,7.27,1.0,0.04,0.4,17.0,,,1.6,0.1,40.0,0.3
95.0,Danilo,Nottingham Forest,2.1,41.0,1796.0,29.0,BRA,,,0.7,0.4,2.5,,,,,1.0,8.7,0.9,65.4,2.0,0.0,2.0,2.0,0.9,50.0,2.0,2.0,0.7,2.0,1.0,29.0,1.8,35.0,29.3,80.6,0.1,2.0,0.04,0.1,2.3,50.0,20.0,1.0,,,2.0,0.7,6.82,0.0,0.09,0.4,8.0,,,1.8,0.4,30.4,1.2
96.0,Ben White,Arsenal,2.0,67.0,2995.0,37.0,ENG,,,0.6,0.5,1.5,,,,,,,0.3,42.9,4.0,0.0,7.0,4.0,0.8,58.3,1.9,4.0,3.7,4.0,,,1.0,32.0,49.8,86.7,0.12,4.0,0.11,0.1,1.5,41.1,39.0,1.2,,,4.0,3.7,7.28,2.0,0.03,0.7,22.0,,,1.2,0.2,61.5,0.4
97.0,Ezri Konsa,Aston Villa,2.0,68.0,3073.0,35.0,ENG,,,0.4,0.2,1.7,,,1.0,1.9,3.0,5.3,0.6,76.0,1.0,0.0,1.0,0.0,0.9,59.3,1.1,1.0,1.0,0.0,1.0,35.0,0.8,28.0,52.7,92.2,0.03,1.0,0.03,0.0,1.3,56.1,8.0,0.2,,,,,6.85,0.0,0.07,0.6,20.0,,,2.5,0.1,26.3,0.6
98.0,Adam Smith,Bournemouth,2.0,49.0,2156.0,28.0,ENG,,,1.3,0.1,1.3,,,,,,,0.2,33.3,,,2.0,2.0,1.0,62.2,,,1.7,2.0,2.0,28.0,0.9,21.0,24.7,77.1,,,0.07,0.1,1.0,18.9,17.0,0.7,,,2.0,1.7,6.71,0.0,0.0,0.5,11.0,,,0.1,,,0.1
99.0,Oliver McBurnie,Sheffield United,2.0,28.0,1283.0,21.0,SCO,2.0,3.0,1.3,0.5,1.3,,,1.0,1.9,7.0,18.2,0.4,37.5,6.0,2.0,3.0,3.0,0.5,41.2,6.8,6.0,2.0,3.0,,,0.4,5.0,16.8,60.3,0.42,6.0,0.14,0.2,0.1,20.0,12.0,0.8,,,3.0,2.0,6.79,1.0,0.48,0.1,2.0,,,6.9,1.2,51.5,2.3
100.0,Pierre-Emile Højbjerg,Tottenham Hotspur,1.9,27.0,1293.0,36.0,DEN,,,1.4,1.0,4.4,,,,,,,0.8,54.5,,,3.0,0.0,1.3,56.3,1.2,0.0,1.5,0.0,,,1.3,19.0,85.3,88.6,,,0.11,0.0,5.2,67.0,9.0,0.6,,,,,6.62,0.0,0.05,0.5,7.0,,,0.7,0.4,31.6,1.3
101.0,Timothy Castagne,Fulham,1.9,57.0,2633.0,34.0,BEL,,,0.8,0.3,1.3,,,,,1.0,7.1,0.6,63.0,1.0,0.0,1.0,3.0,0.8,49.0,0.7,1.0,1.8,3.0,,,1.3,38.0,37.5,81.3,0.03,1.0,0.06,0.1,1.7,43.6,18.0,0.6,,,3.0,1.8,6.86,0.0,0.06,0.3,10.0,,,1.6,0.2,35.7,0.5
102.0,Kieran Trippier,Newcastle United,1.9,47.0,2240.0,28.0,ENG,,,1.1,0.5,2.6,,,,,,,0.6,72.7,1.0,0.0,13.0,10.0,1.1,47.4,1.2,1.0,7.1,10.0,,,1.0,24.0,54.9,79.7,0.04,1.0,0.28,0.4,3.2,44.6,65.0,2.6,,,10.0,7.1,7.35,4.0,0.03,0.3,8.0,,,0.7,0.1,25.0,0.3
103.0,Malo Gusto,Chelsea,1.9,37.0,1755.0,27.0,FRA,1.0,7.0,1.1,0.5,2.1,,,,,3.0,0.0,0.9,45.9,,,8.0,6.0,1.4,49.1,0.9,0.0,3.3,6.0,1.0,27.0,0.9,17.0,55.7,89.2,,,0.17,0.3,1.5,61.2,32.0,1.6,,,6.0,3.3,7.13,0.0,0.05,0.2,4.0,,,0.9,0.3,33.3,0.8
104.0,Nathaniel Clyne,Crystal Palace,1.9,28.0,1337.0,19.0,ENG,,,0.4,0.3,1.3,,,,,,,0.5,57.1,,,,,1.0,62.5,,,0.2,0.0,,,0.7,10.0,30.2,84.2,,,0.01,0.0,1.8,43.3,3.0,0.2,,,,,,,0.01,0.4,6.0,,,0.2,,,0.3
105.0,Ryan Yates,Nottingham Forest,1.8,39.0,1986.0,35.0,ENG,,,2.4,0.4,2.2,,,,,2.0,3.1,0.2,50.0,1.0,0.0,2.0,1.0,1.8,59.1,1.7,1.0,0.6,1.0,,,1.0,21.0,29.7,80.3,0.05,1.0,0.03,0.0,1.3,44.6,7.0,0.3,,,1.0,0.6,6.64,1.0,0.14,0.7,15.0,,,3.0,0.3,21.9,1.5
106.0,Joao Palhinha,Fulham,1.8,54.0,2709.0,33.0,POR,,,1.7,0.4,3.2,,,,,4.0,8.9,0.4,55.0,4.0,0.0,1.0,1.0,2.5,49.3,3.7,4.0,1.0,1.0,1.0,33.0,1.5,46.0,36.4,83.0,0.13,4.0,0.03,0.0,2.7,55.6,13.0,0.4,,,1.0,1.0,7.15,1.0,0.11,0.3,9.0,,,3.3,0.5,31.1,1.5
107.0,Ashley Young,Everton,1.8,45.0,2288.0,31.0,ENG,1.0,5.0,1.3,0.4,1.9,,,1.0,0.9,,,0.5,50.0,,,2.0,0.0,1.5,71.7,0.3,0.0,1.4,0.0,1.0,31.0,0.9,22.0,22.1,72.4,,,0.06,0.0,1.9,32.4,21.0,0.8,,,,,6.67,0.0,0.02,0.2,6.0,,,0.6,0.1,15.4,0.5
108.0,Christian Nørgaard,Brentford,1.8,49.0,2513.0,31.0,DEN,,,1.5,0.6,4.4,,,,,3.0,5.7,0.2,60.0,2.0,0.0,6.0,1.0,1.8,61.7,1.4,2.0,2.4,1.0,,,1.9,54.0,41.9,81.2,0.07,2.0,0.09,0.0,2.1,44.4,24.0,0.9,,,1.0,2.4,7.26,1.0,0.13,0.2,6.0,,,3.5,0.3,20.0,1.3
109.0,Trent Alexander-Arnold,Liverpool,1.8,42.0,2159.0,28.0,ENG,,,0.4,0.6,3.4,,,,,2.0,6.4,1.2,57.1,3.0,0.0,17.0,4.0,1.1,66.7,1.7,3.0,6.1,4.0,,,1.3,31.0,55.9,79.6,0.13,3.0,0.25,0.2,6.1,44.4,64.0,2.7,,,4.0,6.1,7.57,4.0,0.11,0.1,2.0,,,2.6,0.3,17.0,2.0
109.0,Yves Bissouma,Tottenham Hotspur,1.8,42.0,2081.0,28.0,MLI,2.0,9.0,1.5,0.6,2.9,,,,,1.0,0.0,1.2,69.2,,,,,2.2,65.0,1.6,0.0,1.7,0.0,,,1.6,37.0,72.9,91.9,,,0.07,0.0,1.8,72.4,11.0,0.5,,,,,7.06,0.0,0.06,0.2,5.0,,,1.4,0.2,20.8,1.0
111.0,Carlos Baleba,Brighton and Hove Albion,1.8,27.0,1321.0,27.0,CMR,,,2.7,0.4,4.0,,,,,,,0.7,64.7,,,1.0,0.0,1.4,50.0,1.5,0.0,0.3,0.0,,,1.2,18.0,48.6,92.2,,,0.02,0.0,1.2,62.1,8.0,0.5,,,,,6.56,0.0,0.06,0.5,7.0,,,0.8,0.3,23.8,1.4
112.0,Andrew Robertson,Liverpool,1.8,34.0,1691.0,23.0,SCO,,,0.5,0.2,2.1,,,,,,,0.3,29.4,3.0,0.0,10.0,2.0,1.3,68.6,2.1,3.0,4.4,2.0,,,0.7,13.0,58.1,87.7,0.16,3.0,0.23,0.1,2.5,49.0,62.0,3.3,,,2.0,4.4,7.48,0.0,0.1,0.3,6.0,,,1.9,0.4,58.3,0.6
113.0,Jhon Duran,Aston Villa,1.8,9.0,462.0,23.0,COL,,,2.3,1.0,1.6,,,1.0,1.6,1.0,25.0,0.4,40.0,5.0,0.0,,,1.0,83.3,2.4,5.0,0.2,0.0,,,0.2,1.0,15.8,71.1,0.97,5.0,0.04,0.0,0.2,50.0,4.0,0.8,,,,,,,0.4,,,,,2.0,1.4,35.0,3.9
114.0,Elliot Anderson,Newcastle United,1.8,20.0,1022.0,21.0,SCO,,,1.8,0.7,2.9,,,,,1.0,0.0,1.8,53.8,,,2.0,2.0,1.6,75.0,0.8,0.0,1.2,2.0,,,0.7,8.0,30.4,82.9,,,0.11,0.2,0.4,19.0,15.0,1.3,,,2.0,1.2,,,0.14,0.4,4.0,,,1.5,0.4,26.3,1.7
115.0,Sofyan Amrabat,Manchester United,1.8,19.0,931.0,21.0,MAR,,,2.3,0.5,2.6,,,,,,,0.6,75.0,,,,,1.5,59.3,,,0.4,0.0,,,0.8,8.0,54.9,88.1,,,0.04,0.0,3.4,79.5,6.0,0.6,,,,,,,0.01,0.7,7.0,,,0.1,,,0.3
116.0,Carlton Morris,Luton Town,1.7,53.0,2867.0,38.0,ENG,,,1.5,0.5,1.2,,,,,7.0,15.5,1.0,60.8,11.0,5.0,5.0,4.0,0.3,53.3,13.8,11.0,1.6,4.0,,,0.0,1.0,15.1,66.8,0.35,11.0,0.05,0.1,0.3,47.1,22.0,0.7,,,4.0,1.6,6.77,0.0,0.36,0.2,5.0,,,11.4,1.0,43.7,2.2
117.0,Vitaly Janelt,Brentford,1.7,57.0,3069.0,38.0,GER,,,0.8,0.5,2.6,,,1.0,0.8,2.0,4.8,0.2,53.3,1.0,0.0,5.0,3.0,1.1,60.3,2.3,1.0,3.7,3.0,,,1.1,36.0,30.6,79.9,0.03,1.0,0.11,0.1,1.8,45.5,37.0,1.1,,,3.0,3.7,7.08,1.0,0.05,0.3,9.0,,,1.8,0.2,33.3,0.6
118.0,Sander Berge,Burnley,1.7,58.0,3005.0,37.0,NOR,1.0,8.0,1.2,0.5,3.0,,,,,2.0,4.0,0.6,55.6,1.0,0.0,5.0,2.0,1.4,60.5,0.4,1.0,1.6,2.0,,,0.7,23.0,41.2,88.8,0.03,1.0,0.05,0.1,2.5,71.6,29.0,0.9,,,2.0,1.6,6.88,1.0,0.06,0.6,20.0,,,1.9,0.1,12.0,0.7
119.0,Mario Lemina,Wolverhampton Wanderers,1.7,56.0,2974.0,35.0,GAB,1.0,10.0,1.3,0.5,3.0,,,,,4.0,8.3,0.8,56.8,4.0,0.0,3.0,1.0,1.8,64.4,4.7,4.0,1.3,1.0,,,1.2,41.0,37.8,86.7,0.12,4.0,0.04,0.0,1.8,50.4,20.0,0.6,,,1.0,1.3,7.18,4.0,0.14,0.3,9.0,,,4.6,0.5,37.5,1.5
120.0,Vitinho,Burnley,1.7,43.0,2316.0,32.0,BRA,,,1.0,0.4,1.7,,,1.0,1.1,2.0,0.0,1.0,50.0,,,1.0,2.0,1.3,53.1,0.6,0.0,1.2,2.0,2.0,32.0,0.5,12.0,22.7,77.1,,,0.05,0.1,1.0,42.6,11.0,0.4,,,2.0,1.2,6.44,0.0,0.06,0.2,6.0,,,1.6,0.2,16.0,1.0
121.0,Philip Billing,Bournemouth,1.7,27.0,1393.0,29.0,DEN,1.0,3.0,1.2,0.5,3.0,,,,,1.0,6.7,0.8,40.0,2.0,0.0,7.0,2.0,1.0,48.5,2.1,2.0,2.1,2.0,,,1.3,20.0,25.4,78.4,0.13,2.0,0.14,0.1,1.1,58.6,23.0,1.5,,,2.0,2.1,6.65,0.0,0.16,0.3,5.0,,,2.5,0.5,26.7,1.9
122.0,Ben Osborn,Sheffield United,1.7,26.0,1359.0,24.0,ENG,,,0.5,0.6,1.7,,,,,,,0.5,50.0,,,1.0,2.0,0.6,40.9,,,0.9,2.0,,,0.5,8.0,26.0,77.7,,,0.06,0.1,1.5,35.9,13.0,0.9,,,2.0,0.9,6.43,0.0,0.02,0.1,2.0,,,0.2,,,0.3
123.0,Marc Cucurella,Chelsea,1.7,33.0,1784.0,21.0,ESP,,,1.2,0.4,1.5,,,1.0,1.8,2.0,0.0,0.2,36.4,,,1.0,2.0,1.9,61.3,1.3,0.0,1.2,2.0,1.0,21.0,1.1,22.0,46.2,86.7,,,0.06,0.1,0.8,27.3,19.0,1.0,,,2.0,1.2,6.97,1.0,0.06,0.7,13.0,,,1.1,0.2,50.0,0.4
124.0,Josh Brownhill,Burnley,1.6,40.0,2251.0,33.0,ENG,1.0,4.0,1.5,0.5,2.8,,,,,1.0,14.3,0.3,53.8,4.0,0.0,,,1.4,57.4,2.6,4.0,2.1,2.0,1.0,33.0,1.4,34.0,33.0,80.3,0.16,4.0,0.08,0.1,1.8,45.4,34.0,1.4,,,2.0,2.1,6.97,0.0,0.08,0.3,8.0,,,1.9,0.4,39.3,1.1
125.0,Dominic Calvert-Lewin,Everton,1.6,38.0,2185.0,32.0,ENG,,,1.3,0.7,0.9,,,,,16.0,9.6,0.6,35.0,7.0,2.0,4.0,2.0,0.2,46.2,9.9,7.0,1.6,2.0,,,0.2,4.0,10.2,56.9,0.29,7.0,0.07,0.1,0.2,50.0,19.0,0.8,,,2.0,1.6,6.8,2.0,0.53,0.2,4.0,,,12.9,1.3,42.5,3.0
126.0,Ross Barkley,Luton Town,1.6,48.0,2622.0,32.0,ENG,,,0.9,0.8,3.5,,,,,1.0,7.6,2.3,66.0,5.0,0.0,6.0,4.0,0.7,40.4,4.6,5.0,2.7,4.0,,,0.9,25.0,40.9,84.5,0.17,5.0,0.09,0.1,3.0,60.3,44.0,1.5,,,4.0,2.7,7.32,2.0,0.14,0.3,9.0,,,4.1,0.7,28.8,2.3
127.0,Wataru Endo,Liverpool,1.6,30.0,1719.0,29.0,JPN,,,2.6,0.3,3.6,,,,,,,0.5,66.7,1.0,0.0,2.0,0.0,1.5,58.3,1.2,1.0,1.5,0.0,,,1.0,20.0,60.4,88.4,0.05,1.0,0.08,0.0,1.5,57.1,16.0,0.8,,,,,6.96,0.0,0.03,0.1,2.0,,,0.5,0.2,30.0,0.5
128.0,Elijah Adebayo,Luton Town,1.6,25.0,1418.0,27.0,ENG,,,1.7,0.6,1.2,,,,,4.0,32.3,1.1,28.1,10.0,0.0,,,0.1,25.0,8.6,10.0,0.4,0.0,,,0.4,6.0,9.1,72.6,0.63,10.0,0.03,0.0,0.1,25.0,14.0,0.9,,,,,6.59,1.0,0.43,0.1,2.0,,,6.7,0.9,45.2,2.0
129.0,Lyle Foster,Burnley,1.6,33.0,1906.0,24.0,RSA,1.0,0.0,1.1,0.4,1.2,,,,,6.0,14.7,0.9,51.4,5.0,0.0,1.0,3.0,0.5,52.6,6.2,5.0,1.3,3.0,,,0.1,3.0,14.5,68.1,0.24,5.0,0.06,0.1,0.5,76.9,19.0,0.9,,,3.0,1.3,6.63,0.0,0.21,0.1,3.0,,,4.5,0.8,50.0,1.6
130.0,Orel Mangala,Nottingham Forest,1.6,28.0,1569.0,20.0,BEL,,,1.3,0.2,2.1,,,,,1.0,10.0,0.7,50.0,1.0,0.0,,,0.7,48.1,0.0,1.0,0.3,0.0,,,1.5,26.0,32.6,88.6,0.06,1.0,0.02,0.0,1.3,63.9,6.0,0.3,,,,,6.64,0.0,0.05,0.3,6.0,,,0.8,0.1,10.0,0.6
131.0,Ryan Christie,Bournemouth,1.5,50.0,2918.0,37.0,SCO,,,1.5,0.7,3.8,,,,,,,1.6,55.4,,,10.0,5.0,1.4,51.2,1.7,0.0,5.4,5.0,1.0,37.0,1.6,52.0,29.8,79.3,,,0.17,0.2,2.7,54.0,55.0,1.7,,,5.0,5.4,7.08,3.0,0.07,0.3,11.0,,,2.3,0.4,30.2,1.3
132.0,Jacob Bruun Larsen,Burnley,1.5,21.0,1248.0,32.0,DEN,,,0.9,0.6,2.2,,,,,4.0,13.6,1.4,39.2,6.0,1.0,1.0,0.0,0.3,44.4,4.7,6.0,1.8,0.0,,,0.5,7.0,25.3,76.8,0.43,6.0,0.13,0.0,1.0,66.7,25.0,1.8,,,,,6.68,0.0,0.36,0.1,2.0,,,5.0,1.2,36.4,3.2
133.0,Harrison Reed,Fulham,1.5,22.0,1324.0,27.0,ENG,,,1.8,0.5,2.7,,,,,,,0.3,50.0,,,2.0,2.0,1.2,62.1,0.6,0.0,1.5,2.0,,,0.7,11.0,41.9,85.3,,,0.1,0.1,1.4,56.8,14.0,1.0,,,2.0,1.5,6.6,0.0,0.02,0.6,9.0,,,0.3,0.1,22.2,0.6
134.0,Alex Scott,Bournemouth,1.5,17.0,1010.0,23.0,ENG,,,1.8,0.9,2.5,,,,,,,1.2,39.4,1.0,0.0,4.0,1.0,1.3,62.5,0.9,1.0,1.1,1.0,,,1.1,12.0,31.2,81.0,0.09,1.0,0.09,0.1,1.3,51.7,22.0,2.0,,,1.0,1.1,6.65,1.0,0.06,0.4,4.0,,,0.7,0.4,26.7,1.3
135.0,Max Aarons,Bournemouth,1.5,21.0,1234.0,20.0,ENG,,,0.9,0.4,1.6,,,,,,,1.0,53.8,,,1.0,1.0,1.4,65.5,,,0.9,1.0,1.0,20.0,0.6,8.0,25.2,76.7,,,0.07,0.1,1.5,39.2,7.0,0.5,,,1.0,0.9,,,0.0,0.4,5.0,,,0.0,,,0.1
136.0,Jacob Brown,Luton Town,1.5,17.0,1020.0,19.0,SCO,,,1.7,1.1,1.7,,,,,3.0,7.7,0.5,27.3,2.0,0.0,1.0,0.0,1.1,63.2,1.5,2.0,0.4,0.0,,,0.7,8.0,11.4,56.3,0.18,2.0,0.04,0.0,0.4,16.7,8.0,0.7,,,,,6.49,0.0,0.25,0.1,1.0,,,2.8,0.6,26.9,2.3
137.0,Declan Rice,Arsenal,1.4,51.0,3230.0,38.0,ENG,,,0.9,0.8,2.3,,,,,2.0,12.1,0.6,51.2,7.0,0.0,9.0,8.0,1.4,61.4,4.5,7.0,4.8,8.0,2.0,38.0,1.2,44.0,56.3,90.7,0.2,7.0,0.13,0.2,2.2,55.3,47.0,1.3,,,8.0,4.8,7.66,3.0,0.09,0.3,11.0,,,3.3,0.6,34.5,1.6
138.0,Bruno Fernandes,Manchester United,1.4,47.0,3119.0,35.0,POR,,,1.2,1.0,2.4,,,,,7.0,10.5,0.5,47.5,10.0,4.0,21.0,8.0,1.1,55.9,13.0,10.0,10.2,8.0,,,0.8,27.0,43.8,79.4,0.29,10.0,0.3,0.2,4.4,57.4,114.0,3.3,,,8.0,10.2,7.83,7.0,0.29,0.2,6.0,,,10.0,1.2,43.2,2.7
139.0,Lewis Cook,Bournemouth,1.4,43.0,2792.0,33.0,ENG,1.0,5.0,1.3,0.7,3.4,,,,,,,0.7,60.0,,,3.0,3.0,1.3,67.2,0.4,0.0,3.0,3.0,,,2.1,65.0,35.2,81.2,,,0.1,0.1,1.6,38.3,46.0,1.5,,,3.0,3.0,7.1,2.0,0.01,0.4,11.0,,,0.4,0.1,33.3,0.4
140.0,Chiedozie Ogbene,Luton Town,1.4,31.0,1993.0,30.0,IRL,,,0.4,0.6,2.5,,,2.0,2.3,1.0,11.4,2.8,58.1,4.0,0.0,5.0,1.0,0.5,58.8,4.0,4.0,3.5,1.0,,,0.3,7.0,23.2,81.6,0.18,4.0,0.16,0.0,0.5,37.0,26.0,1.2,,,1.0,3.5,7.1,1.0,0.19,0.1,3.0,,,4.2,0.6,40.0,1.6
141.0,James Trafford,Burnley,1.4,38.0,2520.0,28.0,ENG,,,,,,2.0,62.0,,,,,0.1,100.0,,,,,0.0,50.0,,,0.1,0.0,,,0.0,1.0,30.3,62.1,,,0.0,0.0,,,,,3.8,106.0,,,6.66,1.0,,,,2.2,62.0,,,,
142.0,Richarlison,Tottenham Hotspur,1.4,23.0,1492.0,28.0,BRA,,,1.2,0.8,0.6,,,,,7.0,17.7,0.6,30.3,11.0,0.0,3.0,4.0,0.7,68.8,8.5,11.0,1.4,4.0,,,0.5,8.0,16.0,70.9,0.66,11.0,0.09,0.2,0.4,70.0,15.0,0.9,,,4.0,1.4,6.99,1.0,0.58,0.4,6.0,,,9.6,1.5,40.3,3.7
142.0,Nicolás Dominguez,Nottingham Forest,1.4,23.0,1503.0,26.0,ARG,,,1.6,0.5,3.1,,,,,1.0,9.1,0.4,46.7,2.0,0.0,2.0,2.0,2.0,54.0,1.6,2.0,1.3,2.0,,,1.1,18.0,42.4,85.4,0.12,2.0,0.08,0.1,1.6,50.9,10.0,0.6,,,2.0,1.3,6.93,1.0,0.08,0.3,5.0,,,1.3,0.4,27.3,1.3
144.0,Sasa Lukic,Fulham,1.4,18.0,1119.0,24.0,SRB,,,2.2,0.1,3.0,,,,,2.0,7.7,0.4,62.5,1.0,0.0,,,1.5,57.6,1.4,1.0,0.5,0.0,,,1.3,16.0,34.4,87.5,0.08,1.0,0.04,0.0,0.9,52.4,11.0,0.9,,,,,6.62,0.0,0.13,0.4,5.0,,,1.6,0.2,23.1,1.0
145.0,Rodrigo Bentancur,Tottenham Hotspur,1.4,16.0,1007.0,23.0,URU,,,1.8,0.4,3.2,,,,,1.0,5.6,1.0,57.9,1.0,0.0,,,1.3,65.2,0.7,1.0,1.1,1.0,,,1.5,17.0,60.1,85.5,0.09,1.0,0.09,0.1,1.8,76.9,8.0,0.7,,,1.0,1.1,6.62,0.0,0.17,0.4,4.0,,,1.9,0.4,27.8,1.6
146.0,Danny Ings,West Ham United,1.4,6.0,390.0,20.0,ENG,,,0.9,0.9,1.2,,,1.0,1.4,1.0,8.3,1.4,50.0,1.0,0.0,,,0.5,33.3,0.5,1.0,0.3,0.0,,,0.7,3.0,17.5,72.4,0.23,1.0,0.06,0.0,0.2,14.3,5.0,1.2,,,,,,,0.3,0.2,1.0,,,1.3,0.9,33.3,2.8
147.0,Pervis Estupinán,Brighton and Hove Albion,1.4,20.0,1244.0,19.0,ECU,,,1.6,0.7,3.0,,,,,1.0,18.2,0.7,50.0,2.0,0.0,4.0,3.0,0.9,50.0,1.0,2.0,2.3,3.0,,,1.5,21.0,52.6,88.7,0.14,2.0,0.17,0.2,0.9,59.1,26.0,1.9,,,3.0,2.3,,,0.07,0.3,4.0,,,1.0,0.4,54.5,0.8
148.0,James Garner,Everton,1.3,45.0,3005.0,37.0,ENG,,,1.2,0.8,2.9,,,,,1.0,2.4,0.6,54.3,1.0,0.0,7.0,2.0,1.3,53.0,1.8,1.0,3.7,2.0,,,1.3,45.0,27.6,82.8,0.03,1.0,0.11,0.1,1.4,53.5,44.0,1.3,,,2.0,3.7,7.15,1.0,0.08,0.4,14.0,,,2.8,0.3,26.8,1.2
149.0,James Ward-Prowse,West Ham United,1.3,44.0,3005.0,37.0,ENG,,,0.7,0.4,2.0,,,,,1.0,15.9,0.3,61.1,7.0,2.0,12.0,7.0,0.9,64.4,7.3,7.0,6.3,7.0,,,1.1,38.0,39.5,89.6,0.21,7.0,0.19,0.2,1.5,63.3,64.0,1.9,,,7.0,6.3,7.37,4.0,0.19,0.3,9.0,,,6.2,0.5,40.9,1.3
150.0,Chris Wood,Nottingham Forest,1.3,26.0,1806.0,31.0,NZL,,,1.1,0.2,1.3,,,,,12.0,29.2,0.3,40.0,14.0,0.0,3.0,1.0,0.2,57.1,10.6,14.0,1.1,1.0,1.0,31.0,0.0,1.0,13.9,64.5,0.7,14.0,0.05,0.0,0.3,60.0,22.0,1.1,,,1.0,1.1,6.91,3.0,0.59,0.1,3.0,,,11.9,1.3,54.2,2.4
151.0,Amadou Onana,Everton,1.3,30.0,2090.0,30.0,BEL,,,1.6,0.7,3.6,,,,,1.0,6.9,0.5,60.0,2.0,0.0,4.0,0.0,1.6,53.5,0.8,2.0,1.4,0.0,1.0,30.0,0.9,21.0,37.4,84.9,0.09,2.0,0.06,0.0,2.6,70.9,18.0,0.8,,,,,7.04,1.0,0.09,0.3,6.0,,,2.0,0.3,20.7,1.2
152.0,Pelly-Ruddock Mpanzu,Luton Town,1.3,16.0,1093.0,27.0,COD,,,0.7,0.3,2.1,,,,,1.0,0.0,0.7,60.0,,,1.0,0.0,0.4,38.5,0.2,0.0,1.4,0.0,,,0.7,9.0,21.2,74.9,,,0.11,0.0,1.3,43.2,6.0,0.5,,,,,6.21,0.0,0.05,0.6,7.0,,,0.6,0.1,9.1,0.9
153.0,Frank Onyeka,Brentford,1.3,17.0,1155.0,26.0,NGA,,,1.9,0.5,2.9,,,,,2.0,4.6,0.9,44.0,1.0,0.0,2.0,2.0,1.9,64.9,1.6,1.0,1.4,2.0,,,1.8,23.0,22.7,77.6,0.08,1.0,0.11,0.2,1.1,37.8,12.0,0.9,,,2.0,1.4,6.71,0.0,0.17,0.5,7.0,,,2.2,0.7,40.9,1.7
153.0,Thomas Doyle,Wolverhampton Wanderers,1.3,17.0,1213.0,26.0,ENG,,,0.8,0.4,3.6,,,,,,,0.1,50.0,,,1.0,0.0,1.0,50.0,0.7,0.0,0.9,0.0,,,0.9,12.0,58.4,86.4,,,0.07,0.0,5.6,57.3,8.0,0.6,,,,,6.67,0.0,0.03,0.7,9.0,,,0.4,0.2,21.4,1.0
155.0,Kobbie Mainoo,Manchester United,1.3,27.0,1939.0,24.0,ENG,,,0.7,0.3,2.6,,,,,,,1.4,58.5,3.0,0.0,,,1.3,57.4,1.7,3.0,1.6,1.0,,,1.0,22.0,34.7,86.7,0.14,3.0,0.08,0.0,1.0,52.5,15.0,0.7,,,1.0,1.6,6.95,0.0,0.04,0.6,12.0,,,0.9,0.2,45.5,0.5
156.0,Andre Brooks,Sheffield United,1.3,14.0,942.0,20.0,ENG,,,1.1,0.4,2.5,,,,,1.0,0.0,1.1,52.2,,,,,1.2,59.1,0.1,0.0,0.3,0.0,,,1.3,14.0,18.2,77.0,,,0.03,0.0,0.3,14.3,3.0,0.3,,,,,6.33,0.0,0.04,0.1,1.0,,,0.4,0.2,22.2,0.9
157.0,Dominic Solanke,Bournemouth,1.2,43.0,3331.0,38.0,ENG,,,1.1,0.8,1.2,,,1.0,1.2,14.0,17.4,1.1,39.4,19.0,2.0,3.0,3.0,0.3,47.8,16.1,19.0,2.0,3.0,,,0.2,7.0,10.6,73.7,0.51,19.0,0.05,0.1,0.2,66.7,39.0,1.1,,,3.0,2.0,7.05,3.0,0.53,0.1,5.0,,,19.6,1.0,34.9,2.9
158.0,Guglielmo Vicario,Tottenham Hotspur,1.2,46.0,3420.0,38.0,ITA,,,,,,7.0,61.0,,,,,,,,,,,,,,,0.0,0.0,,,0.0,1.0,30.2,83.7,,,0.0,0.0,,,,,2.9,110.0,,,6.94,2.0,,,,1.6,61.0,,,,
159.0,Pape Sarr,Tottenham Hotspur,1.2,28.0,2085.0,34.0,SEN,,,1.4,1.1,3.2,,,,,3.0,8.3,0.8,52.8,3.0,0.0,2.0,3.0,1.0,70.6,3.6,3.0,2.1,3.0,,,1.3,31.0,50.3,88.7,0.13,3.0,0.09,0.1,1.2,70.0,20.0,0.9,,,3.0,2.1,7.08,2.0,0.15,0.2,5.0,,,3.4,0.6,38.9,1.6
160.0,Rodri,Manchester City,1.2,40.0,2938.0,34.0,ESP,1.0,8.0,1.3,1.0,4.0,,,1.0,1.1,2.0,12.9,1.3,75.0,8.0,0.0,8.0,9.0,1.3,61.4,4.7,8.0,6.1,9.0,,,0.8,26.0,102.9,92.5,0.25,8.0,0.19,0.3,7.4,80.6,49.0,1.5,,,9.0,6.1,8.12,6.0,0.12,0.2,8.0,,,4.1,0.7,35.5,1.9
161.0,Rayan Ait Nouri,Wolverhampton Wanderers,1.2,31.0,2344.0,33.0,ALG,,,1.0,0.3,1.7,,,1.0,2.0,5.0,8.3,2.4,61.4,2.0,0.0,3.0,1.0,1.7,62.0,2.6,2.0,1.7,1.0,1.0,33.0,0.6,15.0,34.5,86.6,0.08,2.0,0.07,0.0,0.9,42.6,25.0,1.0,,,1.0,1.7,6.97,1.0,0.13,0.2,6.0,,,3.3,0.3,33.3,0.9
162.0,Neto,Bournemouth,1.2,38.0,2880.0,32.0,BRA,,,0.0,,,7.0,55.0,,,,,0.1,100.0,,,,,,,,,0.0,0.0,,,0.0,1.0,17.0,60.2,,,0.0,0.0,,,,,3.6,115.0,,,6.67,0.0,,,,1.7,55.0,,,,
163.0,Beto,Everton,1.2,13.0,939.0,30.0,POR,,,2.0,1.4,1.4,,,,,8.0,7.0,1.4,46.9,3.0,0.0,3.0,0.0,0.6,42.9,5.0,3.0,0.3,0.0,,,0.1,1.0,10.3,61.5,0.29,3.0,0.03,0.0,0.6,75.0,11.0,1.1,,,,,6.35,0.0,0.65,,,,,6.8,1.2,30.2,4.1
164.0,Keane Lewis-Potter,Brentford,1.2,20.0,1441.0,30.0,ENG,,,0.6,0.6,1.6,,,,,12.0,7.0,1.3,38.9,3.0,0.0,3.0,1.0,0.4,41.2,6.4,3.0,2.0,1.0,,,0.4,7.0,17.3,77.4,0.19,3.0,0.12,0.1,0.6,33.3,13.0,0.8,,,1.0,2.0,6.63,0.0,0.4,0.1,2.0,,,6.3,1.4,51.2,2.7
165.0,Jeffrey Schlupp,Crystal Palace,1.2,18.0,1355.0,29.0,GHA,,,1.6,0.5,1.3,,,,,1.0,10.5,1.1,45.9,2.0,0.0,2.0,2.0,1.6,63.2,2.8,2.0,1.4,2.0,,,0.5,8.0,16.3,75.9,0.13,2.0,0.09,0.1,0.4,27.3,19.0,1.3,,,2.0,1.4,6.7,0.0,0.12,0.1,2.0,,,1.9,0.7,57.9,1.3
166.0,Johann Berg Gudmundsson,Burnley,1.2,16.0,1191.0,26.0,ISL,,,0.7,0.5,2.1,,,,,3.0,6.7,0.4,41.7,1.0,0.0,5.0,3.0,0.3,30.8,1.8,1.0,2.5,3.0,,,1.2,16.0,27.5,78.3,0.08,1.0,0.19,0.2,2.2,46.8,35.0,2.6,,,3.0,2.5,6.67,0.0,0.14,,,,,1.9,0.5,40.0,1.1
167.0,Nicolo Zaniolo,Aston Villa,1.2,11.0,830.0,25.0,ITA,,,2.6,0.7,1.7,,,,,3.0,7.4,1.4,30.2,2.0,0.0,,,1.0,47.4,2.2,2.0,0.7,0.0,,,0.1,1.0,16.2,71.6,0.22,2.0,0.08,0.0,0.3,25.0,10.0,1.1,,,,,6.26,0.0,0.28,,,,,2.6,1.1,37.0,2.9
168.0,Jean-Ricner Bellegarde,Wolverhampton Wanderers,1.2,13.0,958.0,22.0,HAI,1.0,0.0,0.9,0.8,1.9,,,,,,,1.6,50.0,2.0,0.0,1.0,1.0,0.9,58.8,1.0,2.0,0.8,1.0,,,0.8,8.0,22.3,84.3,0.19,2.0,0.07,0.1,0.5,45.5,12.0,1.1,,,1.0,0.8,6.48,0.0,0.15,0.2,2.0,,,1.6,0.5,33.3,1.4
169.0,Alfie Doughty,Luton Town,1.1,36.0,2937.0,37.0,ENG,,,0.9,0.3,1.8,,,,,2.0,7.7,1.0,57.9,2.0,0.0,10.0,8.0,1.2,63.5,1.6,2.0,5.4,8.0,,,0.9,31.0,25.1,75.2,0.06,2.0,0.17,0.2,2.0,39.1,70.0,2.1,,,8.0,5.4,7.16,2.0,0.04,0.3,9.0,,,1.3,0.2,30.8,0.8
170.0,Mark Flekken,Brentford,1.1,40.0,3285.0,37.0,NED,,,0.1,,,7.0,63.0,,,,,0.1,75.0,,,2.0,1.0,0.0,100.0,,,0.2,1.0,1.0,37.0,,,27.5,69.4,,,0.0,0.0,,,4.0,0.1,3.2,115.0,1.0,0.2,6.56,1.0,,,,1.7,63.0,,,,
171.0,Kyle Walker,Manchester City,1.1,35.0,2767.0,32.0,ENG,,,0.7,0.4,2.2,,,,,,,0.7,65.6,,,7.0,4.0,0.8,63.2,0.2,0.0,3.2,4.0,,,0.9,27.0,62.8,90.4,,,0.11,0.1,2.5,56.5,25.0,0.8,,,4.0,3.2,7.36,0.0,0.01,0.2,6.0,,,0.4,0.1,18.8,0.5
172.0,Joao Pedro,Brighton and Hove Albion,1.1,25.0,2043.0,31.0,BRA,,,0.8,0.7,1.5,,,2.0,2.6,9.0,12.0,1.9,48.9,9.0,4.0,9.0,3.0,0.6,45.2,10.4,9.0,4.7,3.0,,,0.5,11.0,28.2,82.7,0.4,9.0,0.21,0.1,0.6,58.3,38.0,1.7,,,3.0,4.7,7.06,2.0,0.53,0.1,2.0,,,12.0,1.1,34.7,3.3
173.0,Enzo Fernández,Chelsea,1.1,26.0,2214.0,28.0,ARG,,,1.3,0.6,2.3,,,1.0,1.3,6.0,6.4,0.9,57.5,3.0,1.0,5.0,2.0,0.9,44.0,6.0,3.0,3.7,2.0,1.0,28.0,0.7,17.0,63.4,86.9,0.12,3.0,0.15,0.1,5.2,68.6,32.0,1.3,,,2.0,3.7,6.99,1.0,0.25,0.5,13.0,,,6.2,0.7,34.0,1.9
174.0,Oleksandr Zinchenko,Arsenal,1.1,22.0,1722.0,27.0,UKR,,,0.4,0.3,2.3,,,,,,,0.4,58.3,1.0,0.0,5.0,2.0,1.6,60.0,0.5,1.0,2.9,2.0,,,1.0,20.0,65.9,89.4,0.05,1.0,0.15,0.1,2.8,63.1,29.0,1.5,,,2.0,2.9,7.22,1.0,0.03,0.2,3.0,,,0.6,0.2,17.6,0.9
175.0,Rodrigo Muniz,Fulham,1.1,20.0,1597.0,26.0,BRA,,,1.4,0.6,1.1,,,,,4.0,12.3,0.3,27.8,9.0,0.0,2.0,1.0,0.2,42.9,8.7,9.0,0.9,1.0,,,0.3,6.0,7.7,62.1,0.51,9.0,0.05,0.1,0.4,63.6,18.0,1.0,,,1.0,0.9,6.84,2.0,0.49,0.2,3.0,,,8.7,1.5,37.0,4.1
176.0,Mikkel Damsgaard,Brentford,1.1,10.0,835.0,23.0,DEN,,,1.5,0.8,3.1,,,,,1.0,0.0,1.0,45.0,,,5.0,2.0,1.8,58.6,2.3,0.0,0.9,2.0,,,1.2,11.0,31.3,73.6,,,0.1,0.2,2.5,62.2,10.0,1.1,,,2.0,0.9,6.66,0.0,0.1,0.1,1.0,,,0.9,0.4,44.4,1.0
177.0,Naouirou Ahamada,Crystal Palace,1.1,4.0,333.0,20.0,FRA,1.0,2.0,2.4,0.8,4.1,,,,,,,1.9,58.3,,,,,2.4,69.2,0.3,0.0,0.1,0.0,,,0.5,2.0,40.0,82.7,,,0.03,0.0,2.2,61.5,1.0,0.3,,,,,,,0.13,,,,,0.5,0.5,22.2,2.4
178.0,Saman Ghoddos,Brentford,1.1,9.0,729.0,19.0,IRN,,,1.6,0.6,1.9,,,,,,,0.4,27.3,1.0,0.0,1.0,0.0,2.3,67.9,0.4,1.0,1.0,0.0,,,0.6,5.0,34.7,76.4,0.12,1.0,0.13,0.0,1.7,28.0,9.0,1.1,,,,,,,0.04,0.2,2.0,,,0.3,0.2,22.2,1.1
179.0,Gustavo Hamer,Sheffield United,1.0,32.0,2923.0,36.0,NED,,,1.5,0.5,2.2,,,,,1.0,8.2,0.9,50.0,4.0,0.0,10.0,6.0,0.6,53.8,4.8,4.0,4.6,6.0,1.0,36.0,0.9,29.0,22.2,73.5,0.12,4.0,0.14,0.2,1.3,33.9,70.0,2.2,,,6.0,4.6,7.01,1.0,0.09,0.3,9.0,,,3.0,0.5,30.6,1.5
180.0,Moisés Caicedo,Chelsea,1.0,33.0,2872.0,35.0,ECU,,,1.6,0.7,3.0,,,,,,,0.8,52.0,1.0,0.0,4.0,3.0,1.4,50.5,0.5,1.0,2.0,3.0,1.0,35.0,1.2,37.0,59.7,90.8,0.03,1.0,0.06,0.1,2.8,72.1,23.0,0.7,,,3.0,2.0,7.05,1.0,0.02,0.8,25.0,,,0.5,0.1,30.8,0.4
181.0,Joao Gomes,Wolverhampton Wanderers,1.0,29.0,2658.0,34.0,BRA,,,2.2,0.9,3.0,,,,,1.0,7.7,0.9,53.1,2.0,0.0,2.0,1.0,2.5,57.8,1.5,2.0,1.7,1.0,2.0,34.0,0.6,18.0,34.9,83.3,0.07,2.0,0.06,0.0,1.0,39.2,20.0,0.7,,,1.0,1.7,6.99,1.0,0.06,0.3,8.0,,,1.7,0.3,30.8,0.9
182.0,Mathias Jensen,Brentford,1.0,24.0,2217.0,32.0,DEN,,,1.1,0.6,2.5,,,1.0,0.8,,,0.7,43.9,3.0,0.0,9.0,3.0,1.3,59.3,1.1,3.0,4.8,3.0,,,0.9,23.0,31.0,78.6,0.12,3.0,0.19,0.1,3.3,56.9,41.0,1.7,,,3.0,4.8,6.95,1.0,0.03,0.2,6.0,,,0.7,0.3,50.0,0.6
183.0,Odsonne Edouard,Crystal Palace,1.0,18.0,1552.0,30.0,FRA,,,1.8,0.6,1.0,,,,,6.0,13.7,1.1,44.2,7.0,0.0,1.0,0.0,0.7,50.0,6.8,7.0,1.1,0.0,,,0.3,6.0,14.3,73.3,0.41,7.0,0.06,0.0,0.2,42.9,18.0,1.0,,,,,6.75,2.0,0.36,0.1,1.0,,,6.2,1.1,37.3,3.0
184.0,Wesley Foderingham,Sheffield United,1.0,29.0,2648.0,30.0,ENG,,,0.0,,,1.0,79.0,,,,,0.1,100.0,,,,,0.1,60.0,,,0.1,0.0,,,,,16.9,52.6,,,0.0,0.0,,,1.0,0.0,4.5,133.0,,,6.44,1.0,,,,2.7,79.0,,,,
185.0,Josko Gvardiol,Manchester City,1.0,26.0,2328.0,28.0,CRO,,,0.8,0.7,2.9,,,1.0,0.9,4.0,12.5,1.0,65.0,4.0,0.0,2.0,1.0,1.3,60.0,2.8,4.0,2.1,1.0,,,1.0,27.0,59.1,88.3,0.15,4.0,0.08,0.0,1.6,63.1,18.0,0.7,,,1.0,2.1,7.53,0.0,0.12,0.5,12.0,,,3.2,0.5,43.8,1.2
186.0,Josh Cullen,Burnley,1.0,24.0,2059.0,25.0,IRL,,,1.0,0.6,3.7,,,,,,,0.1,37.5,2.0,0.0,3.0,3.0,1.3,69.0,0.9,2.0,2.3,3.0,,,0.7,15.0,50.8,86.7,0.09,2.0,0.1,0.1,1.5,43.8,26.0,1.1,,,3.0,2.3,7.13,0.0,0.03,0.8,19.0,,,0.6,0.2,31.3,0.7
187.0,Jordan Clark,Luton Town,1.0,14.0,1306.0,23.0,ENG,,,1.0,0.3,1.9,,,,,,,0.8,33.3,1.0,0.0,3.0,1.0,1.2,56.7,1.0,1.0,1.2,1.0,,,0.8,11.0,24.7,74.1,0.07,1.0,0.08,0.1,1.7,51.0,12.0,0.8,,,1.0,1.2,6.58,1.0,0.07,0.2,3.0,,,1.0,0.3,23.5,1.2
188.0,Noni Madueke,Chelsea,1.0,12.0,1053.0,23.0,ENG,,,0.7,0.3,2.0,,,2.0,1.6,,,3.2,50.0,5.0,1.0,2.0,2.0,0.9,62.5,3.6,5.0,2.0,2.0,,,0.3,4.0,34.4,88.5,0.43,5.0,0.17,0.2,0.8,75.0,20.0,1.7,,,2.0,2.0,7.1,1.0,0.21,,,,,2.5,1.1,40.6,2.7
189.0,Jacob Murphy,Newcastle United,1.0,13.0,1193.0,21.0,ENG,,,0.5,0.9,2.4,,,,,3.0,10.0,1.0,50.0,3.0,0.0,10.0,7.0,0.8,50.0,2.3,3.0,3.4,7.0,,,0.5,6.0,23.4,73.6,0.23,3.0,0.26,0.5,0.5,25.0,31.0,2.3,,,7.0,3.4,,,0.16,,,,,2.2,0.8,33.3,2.3
190.0,William Osula,Sheffield United,1.0,9.0,783.0,21.0,DEN,,,1.7,0.2,0.6,,,,,2.0,0.0,0.3,20.0,,,1.0,0.0,0.2,100.0,1.2,0.0,0.2,0.0,,,0.2,2.0,5.5,53.3,,,0.02,0.0,,,1.0,0.1,,,,,,,0.19,0.1,1.0,,,1.7,0.9,38.1,2.4
190.0,Matheus Nunes,Manchester City,1.0,9.0,833.0,19.0,POR,1.0,0.0,1.0,1.0,2.4,,,,,2.0,0.0,2.2,54.1,,,2.0,2.0,0.5,38.5,0.4,0.0,1.7,2.0,,,0.8,7.0,48.6,86.2,,,0.18,0.2,0.4,30.8,12.0,1.3,,,2.0,1.7,,,0.1,0.1,1.0,,,0.9,0.4,40.0,1.1
192.0,Jordan Pickford,Everton,0.9,34.0,3420.0,38.0,ENG,,,0.0,,,13.0,51.0,,,,,0.0,100.0,,,,,,,,,0.4,0.0,1.0,38.0,,,22.3,59.4,,,0.01,0.0,,,4.0,0.1,3.2,121.0,,,6.94,3.0,,,,1.3,51.0,,,,
193.0,Conor Gallagher,Chelsea,0.9,30.0,3135.0,37.0,ENG,1.0,7.0,2.4,1.1,2.8,,,,,5.0,10.4,1.1,67.9,5.0,0.0,11.0,7.0,1.5,61.2,4.1,5.0,3.5,7.0,,,1.2,43.0,50.7,91.5,0.14,5.0,0.1,0.2,1.6,66.7,53.0,1.5,,,7.0,3.5,7.5,3.0,0.12,0.3,11.0,,,4.2,0.5,37.5,1.4
193.0,José Sá,Wolverhampton Wanderers,0.9,30.0,3038.0,35.0,POR,,,,,,4.0,58.0,,,,,0.1,100.0,,,,,,,,,0.0,1.0,,,,,15.8,59.2,,,0.0,0.0,,,1.0,0.0,4.0,134.0,1.0,0.0,6.73,1.0,,,,1.7,58.0,,,,
195.0,Alexis Mac Allister,Liverpool,0.9,25.0,2609.0,33.0,ARG,1.0,7.0,1.8,0.8,3.4,,,,,2.0,11.4,0.6,60.0,5.0,1.0,3.0,5.0,1.9,55.6,4.4,5.0,4.9,5.0,,,1.2,35.0,58.4,87.8,0.17,5.0,0.17,0.2,2.1,57.5,47.0,1.6,,,5.0,4.9,7.51,3.0,0.13,0.3,8.0,,,3.7,0.3,20.5,1.5
196.0,Antoine Semenyo,Bournemouth,0.9,20.0,2111.0,33.0,GHA,,,1.8,0.7,2.3,,,1.0,1.0,5.0,11.4,2.1,47.6,8.0,0.0,6.0,2.0,0.7,70.8,6.0,8.0,2.3,2.0,,,0.3,6.0,18.6,74.3,0.34,8.0,0.1,0.1,0.6,45.5,29.0,1.2,,,2.0,2.3,6.88,1.0,0.2,0.1,2.0,,,4.6,1.3,44.3,3.0
197.0,Alphonse Areola,West Ham United,0.9,27.0,2699.0,31.0,FRA,,,0.1,,,4.0,53.0,,,,,0.0,100.0,,,,,0.0,100.0,,,0.0,0.0,2.0,31.0,0.0,1.0,14.2,59.3,,,0.0,0.0,,,,,4.6,138.0,,,6.94,4.0,,,,1.8,53.0,,,,
198.0,Lucas Paquetá,West Ham United,0.9,25.0,2634.0,31.0,BRA,,,1.6,1.0,2.5,,,,,3.0,9.5,1.4,58.6,4.0,2.0,12.0,6.0,1.6,67.6,3.7,4.0,5.1,6.0,,,0.7,21.0,36.3,75.2,0.14,4.0,0.17,0.2,2.4,53.0,43.0,1.5,,,6.0,5.1,7.31,4.0,0.18,0.0,1.0,,,5.4,0.4,26.2,1.4
199.0,Simon Adingra,Brighton and Hove Albion,0.9,22.0,2230.0,31.0,CIV,,,1.2,0.7,1.9,,,1.0,0.8,4.0,11.5,2.0,43.9,6.0,0.0,6.0,1.0,0.8,44.4,6.4,6.0,3.5,1.0,,,0.8,19.0,24.5,81.1,0.24,6.0,0.14,0.0,0.6,42.4,33.0,1.3,,,1.0,3.5,7.09,3.0,0.17,0.0,1.0,,,4.3,0.9,42.3,2.1
200.0,Will Hughes,Crystal Palace,0.9,20.0,1899.0,30.0,ENG,,,1.8,0.6,2.9,,,,,,,0.4,75.0,,,2.0,1.0,1.6,54.1,0.3,0.0,1.8,1.0,,,1.0,22.0,34.2,85.2,,,0.08,0.0,0.5,27.8,21.0,1.0,,,1.0,1.8,6.78,0.0,0.02,0.7,14.0,,,0.3,0.1,37.5,0.4
201.0,Danny Welbeck,Brighton and Hove Albion,0.9,17.0,1703.0,29.0,ENG,,,0.6,0.5,1.2,,,2.0,1.1,10.0,12.2,0.4,33.3,5.0,0.0,3.0,1.0,0.9,48.6,6.2,5.0,1.4,1.0,,,0.5,9.0,22.2,83.2,0.26,5.0,0.07,0.1,0.1,33.3,22.0,1.2,,,1.0,1.4,6.77,0.0,0.28,,,,,5.3,0.8,39.0,2.2
202.0,Jack Harrison,Everton,0.9,21.0,2219.0,29.0,ENG,,,0.8,0.7,2.3,,,,,3.0,8.8,1.2,42.6,3.0,0.0,5.0,3.0,0.9,59.5,3.0,3.0,3.3,3.0,,,0.5,12.0,15.7,72.7,0.12,3.0,0.13,0.1,0.6,30.4,28.0,1.1,,,3.0,3.3,6.85,1.0,0.14,0.2,5.0,,,3.6,0.4,26.5,1.4
203.0,Ryan Gravenberch,Liverpool,0.9,11.0,1121.0,26.0,NED,,,1.6,1.0,3.2,,,,,1.0,4.4,1.8,51.1,1.0,0.0,1.0,0.0,1.0,46.2,1.4,1.0,1.4,0.0,,,1.1,14.0,33.0,83.4,0.08,1.0,0.11,0.0,0.5,60.0,16.0,1.3,,,,,6.81,0.0,0.16,0.2,2.0,,,2.0,0.6,34.8,1.8
204.0,Djordje Petrovic,Chelsea,0.9,20.0,1986.0,23.0,SRB,,,,,,5.0,38.0,,,,,,,,,,,,,,,0.0,0.0,,,,,24.5,76.4,,,0.0,0.0,,,,,3.4,75.0,,,6.73,0.0,,,,1.7,38.0,,,,
205.0,Christian Eriksen,Manchester United,0.9,12.0,1139.0,22.0,DEN,,,0.6,0.9,4.0,,,,,,,0.2,50.0,1.0,0.0,3.0,2.0,1.0,72.2,1.2,1.0,2.3,2.0,,,0.3,4.0,50.1,84.1,0.08,1.0,0.19,0.2,2.6,53.2,27.0,2.1,,,2.0,2.3,6.65,0.0,0.08,0.5,6.0,,,1.0,0.3,30.8,1.0
206.0,Bernd Leno,Fulham,0.8,32.0,3420.0,38.0,GER,,,,,,10.0,61.0,,,,,,,,,,,,,,,0.0,0.0,,,,,28.6,77.2,,,0.0,0.0,,,,,3.5,134.0,,,6.62,1.0,,,,1.6,61.0,,,,
207.0,Kai Havertz,Arsenal,0.8,22.0,2639.0,37.0,GER,,,1.7,0.9,1.9,,,1.0,1.5,13.0,18.8,0.5,45.7,13.0,1.0,8.0,7.0,0.5,42.9,11.2,13.0,4.3,7.0,,,0.7,20.0,25.8,81.1,0.44,13.0,0.15,0.2,0.3,47.1,46.0,1.6,,,7.0,4.3,7.3,4.0,0.42,0.0,1.0,,,12.3,1.0,40.6,2.4
208.0,Pascal Gross,Brighton and Hove Albion,0.8,27.0,3114.0,36.0,GER,,,0.7,0.6,1.8,,,,,9.0,7.3,0.5,55.2,4.0,1.0,11.0,10.0,1.3,65.7,5.1,4.0,9.2,10.0,1.0,36.0,0.6,22.0,76.3,90.2,0.12,4.0,0.27,0.3,2.8,57.0,103.0,3.0,,,10.0,9.2,7.47,7.0,0.19,0.2,8.0,,,6.5,0.6,36.4,1.6
208.0,Dwight McNeil,Everton,0.8,27.0,2897.0,35.0,ENG,,,0.6,1.0,2.4,,,,,3.0,5.3,0.9,49.2,3.0,0.0,17.0,6.0,0.8,61.4,2.9,3.0,8.2,6.0,,,0.7,22.0,24.4,78.3,0.09,3.0,0.25,0.2,1.4,46.5,69.0,2.1,,,6.0,8.2,7.16,1.0,0.11,0.2,7.0,,,3.4,0.5,26.3,1.8
210.0,Bobby Reid,Fulham,0.8,12.0,1424.0,33.0,JAM,,,1.0,0.4,2.4,,,,,3.0,18.2,0.5,40.0,6.0,0.0,3.0,2.0,0.9,63.6,4.3,6.0,1.2,2.0,,,0.3,5.0,22.1,79.0,0.38,6.0,0.07,0.1,0.6,45.5,17.0,1.1,,,2.0,1.2,6.6,1.0,0.29,0.1,2.0,,,4.6,0.5,24.2,2.1
211.0,Marcus Rashford,Manchester United,0.8,20.0,2278.0,33.0,ENG,,,0.5,0.6,1.4,,,1.0,0.8,7.0,11.3,1.9,47.5,7.0,2.0,6.0,2.0,0.5,63.2,7.1,7.0,2.8,2.0,,,0.2,4.0,21.4,79.2,0.28,7.0,0.11,0.1,1.0,55.3,25.0,1.0,,,2.0,2.8,6.98,0.0,0.29,0.0,1.0,,,7.4,0.8,33.9,2.4
212.0,Marcus Tavernier,Bournemouth,0.8,19.0,2129.0,30.0,ENG,,,0.8,0.9,2.4,,,,,3.0,5.7,1.9,44.4,3.0,0.0,7.0,4.0,1.4,64.2,4.2,3.0,4.2,4.0,,,0.2,5.0,25.5,79.3,0.13,3.0,0.18,0.2,1.1,42.6,44.0,1.9,,,4.0,4.2,7.08,2.0,0.17,0.1,3.0,,,3.9,0.7,30.2,2.2
212.0,Rasmus Højlund,Manchester United,0.8,19.0,2169.0,30.0,DEN,,,0.8,0.8,1.2,,,,,13.0,26.3,0.7,50.0,10.0,0.0,,,0.3,63.6,9.3,10.0,0.9,2.0,1.0,30.0,0.0,1.0,12.5,77.0,0.41,10.0,0.04,0.1,0.4,100.0,28.0,1.2,,,2.0,0.9,6.83,2.0,0.32,0.0,1.0,,,7.6,0.9,55.3,1.6
214.0,Alisson Becker,Liverpool,0.8,21.0,2520.0,28.0,BRA,,,0.0,,,8.0,30.0,,,,,,,,,,,,,,,0.0,0.0,,,,,30.3,85.1,,,0.0,0.0,,,1.0,0.0,3.0,83.0,,,6.7,0.0,,,,1.1,30.0,,,,
215.0,Idrissa Gana Gueye,Everton,0.8,16.0,1892.0,25.0,SEN,,,1.7,0.8,4.4,,,,,,,0.5,50.0,4.0,0.0,1.0,0.0,2.1,60.3,2.8,4.0,0.8,0.0,,,1.3,28.0,35.8,85.6,0.19,4.0,0.04,0.0,1.0,42.3,15.0,0.7,,,,,7.24,2.0,0.06,0.3,7.0,,,1.3,0.3,26.9,1.2
216.0,Boubacar Traore,Wolverhampton Wanderers,0.8,7.0,804.0,24.0,MLI,,,2.6,0.8,3.6,,,,,,,1.1,71.4,,,,,2.6,65.7,0.3,0.0,0.3,0.0,,,0.6,5.0,42.1,84.9,,,0.04,0.0,1.7,62.5,6.0,0.7,,,,,,,0.03,0.2,2.0,,,0.3,0.1,9.1,1.2
217.0,Raul Jiménez,Fulham,0.8,13.0,1402.0,24.0,MEX,1.0,3.0,1.1,0.8,1.2,,,,,4.0,17.1,0.6,45.5,7.0,0.0,3.0,0.0,0.8,66.7,5.7,7.0,1.0,0.0,,,0.3,4.0,16.7,69.7,0.45,7.0,0.06,0.0,0.8,52.2,11.0,0.7,,,,,6.67,0.0,0.33,0.2,3.0,,,5.2,1.1,41.5,2.6
218.0,Bart Verbruggen,Brighton and Hove Albion,0.8,17.0,1890.0,21.0,NED,,,0.0,,,4.0,28.0,,,,,0.0,100.0,,,,,0.0,100.0,,,0.0,0.0,,,,,30.3,85.6,,,0.0,0.0,,,,,3.1,65.0,,,6.54,0.0,,,,1.3,28.0,,,,
219.0,Jay Rodriguez,Burnley,0.8,7.0,813.0,21.0,ENG,,,2.0,0.3,2.1,,,,,6.0,9.1,0.7,66.7,2.0,1.0,,,1.0,64.3,3.2,2.0,0.1,1.0,,,0.1,1.0,15.7,66.0,0.22,2.0,0.01,0.1,0.7,24.0,4.0,0.4,,,1.0,0.1,,,0.39,0.1,1.0,,,3.5,0.9,36.4,2.4
220.0,Oliver Skipp,Tottenham Hotspur,0.8,6.0,694.0,21.0,ENG,,,1.0,0.5,2.1,,,,,1.0,0.0,0.3,66.7,,,,,1.6,66.7,0.8,0.0,0.5,0.0,,,0.4,3.0,44.4,91.7,,,0.07,0.0,1.8,73.7,7.0,0.9,,,,,,,0.1,0.1,1.0,,,0.7,0.1,25.0,0.5
221.0,Boubacar Kamara,Aston Villa,0.8,15.0,1659.0,20.0,FRA,1.0,7.0,1.9,0.2,2.4,,,,,,,0.8,53.8,,,1.0,1.0,1.6,67.4,0.2,0.0,1.4,1.0,,,1.1,21.0,49.6,89.3,,,0.08,0.1,2.2,60.3,20.0,1.1,,,1.0,1.4,7.06,1.0,0.01,0.4,7.0,,,0.1,0.1,20.0,0.3
222.0,Taiwo Awoniyi,Nottingham Forest,0.8,9.0,1046.0,20.0,NGA,,,0.8,0.5,1.6,,,,,4.0,27.3,0.7,53.3,6.0,0.0,2.0,3.0,0.6,77.8,5.4,6.0,0.9,3.0,,,0.1,1.0,10.9,73.8,0.52,6.0,0.08,0.3,0.2,66.7,10.0,0.9,,,3.0,0.9,,,0.41,0.2,2.0,,,4.7,0.9,50.0,1.9
223.0,Sean Longstaff,Newcastle United,0.7,22.0,2746.0,35.0,ENG,,,0.8,0.5,2.0,,,,,7.0,14.6,0.4,50.0,6.0,0.0,5.0,2.0,1.0,55.6,6.2,6.0,3.0,2.0,,,0.6,17.0,32.1,80.9,0.2,6.0,0.1,0.1,1.4,53.7,20.0,0.7,,,2.0,3.0,6.98,0.0,0.22,0.2,7.0,,,6.6,0.5,36.6,1.3
224.0,Matheus Cunha,Wolverhampton Wanderers,0.7,20.0,2453.0,32.0,BRA,,,1.1,0.8,2.2,,,1.0,1.8,6.0,16.4,2.3,51.2,12.0,1.0,7.0,7.0,0.6,53.3,10.5,12.0,3.0,7.0,,,0.5,13.0,23.5,81.6,0.44,12.0,0.11,0.3,0.7,56.3,28.0,1.0,,,7.0,3.0,7.29,4.0,0.35,0.3,7.0,,,9.5,1.4,52.1,2.7
225.0,James McAtee,Sheffield United,0.7,15.0,1828.0,31.0,ENG,,,0.7,0.7,1.8,,,,,2.0,11.5,1.6,38.8,3.0,1.0,4.0,3.0,1.0,65.6,3.6,3.0,2.1,3.0,,,0.5,11.0,17.3,72.0,0.15,3.0,0.11,0.1,0.3,28.0,28.0,1.4,,,3.0,2.1,6.63,0.0,0.15,,,,,3.1,0.4,34.6,1.3
226.0,Andros Townsend,Luton Town,0.7,9.0,1209.0,27.0,ENG,,,1.0,1.2,1.5,,,,,,,1.2,53.3,1.0,0.0,2.0,3.0,1.0,61.9,1.9,1.0,1.8,3.0,,,0.4,5.0,20.8,80.2,0.07,1.0,0.13,0.2,1.1,42.9,18.0,1.3,,,3.0,1.8,6.55,0.0,0.09,,,,,1.2,0.5,35.0,1.5
227.0,Gabriel Jesus,Arsenal,0.7,11.0,1482.0,27.0,BRA,,,1.6,1.0,1.5,,,1.0,1.9,7.0,7.3,2.1,53.8,4.0,0.0,6.0,5.0,1.0,70.8,5.1,4.0,3.2,5.0,,,0.8,13.0,24.1,81.0,0.24,4.0,0.2,0.3,0.4,87.5,29.0,1.8,,,5.0,3.2,7.0,3.0,0.39,0.1,1.0,,,6.4,1.2,34.5,3.3
228.0,Yegor Yarmolyuk,Brentford,0.7,5.0,675.0,27.0,UKR,,,1.6,0.7,3.1,,,,,2.0,0.0,2.3,70.8,,,,,1.5,64.7,0.9,0.0,0.6,0.0,,,0.8,6.0,29.1,77.3,,,0.08,0.0,1.2,50.0,3.0,0.4,,,,,6.39,0.0,0.13,0.5,4.0,,,1.0,0.7,45.5,1.5
229.0,Jorginho,Arsenal,0.7,7.0,919.0,24.0,ITA,,,0.9,0.3,3.4,,,,,,,0.2,40.0,,,2.0,2.0,1.0,41.7,,,2.1,2.0,,,1.2,12.0,68.3,90.2,,,0.21,0.2,3.7,71.7,10.0,1.0,,,2.0,2.1,,,0.01,0.1,1.0,,,0.1,,,0.4
230.0,Martin Dubravka,Newcastle United,0.7,16.0,1984.0,23.0,SVK,,,0.1,,,4.0,42.0,,,,,,,,,,,,,,,0.0,0.0,2.0,23.0,,,17.2,74.9,,,0.0,0.0,,,1.0,0.0,4.0,88.0,,,6.61,1.0,,,,1.9,42.0,,,,
231.0,Joelinton,Newcastle United,0.7,10.0,1282.0,20.0,BRA,,,2.0,0.9,2.5,,,,,3.0,10.5,1.2,60.7,2.0,0.0,5.0,1.0,1.9,69.2,1.9,2.0,1.1,1.0,,,1.3,19.0,36.3,83.9,0.14,2.0,0.08,0.1,0.8,61.1,23.0,1.6,,,1.0,1.1,6.99,0.0,0.22,0.5,7.0,,,3.1,0.6,47.4,1.3
232.0,Sam Johnstone,Crystal Palace,0.7,13.0,1797.0,20.0,ENG,,,0.1,,,6.0,27.0,,,,,,,,,,,,,,,0.0,0.0,1.0,20.0,0.1,1.0,14.1,52.9,,,0.0,0.0,,,,,2.1,41.0,,,6.56,3.0,,,,1.4,27.0,,,,
233.0,Kaoru Mitoma,Brighton and Hove Albion,0.7,11.0,1488.0,19.0,JPN,,,0.8,0.8,2.2,,,,,6.0,8.8,2.4,47.0,3.0,0.0,6.0,4.0,0.4,46.2,5.3,3.0,3.6,4.0,,,0.3,5.0,30.1,83.4,0.18,3.0,0.21,0.2,0.3,45.5,25.0,1.5,,,4.0,3.6,7.23,1.0,0.21,0.1,1.0,,,3.5,0.9,44.1,2.1
234.0,Andre Onana,Manchester United,0.6,24.0,3420.0,38.0,CMR,,,0.0,,,9.0,58.0,,,,,0.0,100.0,,,,,,,,,0.1,0.0,1.0,38.0,,,25.4,70.4,,,0.0,0.0,,,3.0,0.1,3.9,149.0,,,6.86,2.0,,,,1.5,58.0,,,,
235.0,Thomas Kaminski,Luton Town,0.6,22.0,3406.0,38.0,BEL,,,,0.0,0.1,2.0,85.0,,,,,0.1,100.0,,,,,0.0,50.0,,,0.1,0.0,,,,,19.1,55.0,,,0.0,0.0,,,1.0,0.0,3.8,145.0,,,6.47,1.0,,,,2.2,85.0,,,,
236.0,Anthony Elanga,Nottingham Forest,0.6,16.0,2434.0,36.0,SWE,,,0.3,0.4,1.6,,,,,10.0,9.3,1.0,40.0,5.0,0.0,14.0,9.0,0.7,57.6,6.8,5.0,4.0,9.0,,,0.3,8.0,17.9,75.3,0.18,5.0,0.15,0.3,0.3,35.0,32.0,1.2,,,9.0,4.0,6.89,1.0,0.24,0.1,2.0,,,6.6,0.9,42.6,2.0
237.0,Bukayo Saka,Arsenal,0.6,19.0,2933.0,35.0,ENG,,,1.3,1.1,2.1,,,1.0,2.1,11.0,14.8,1.5,47.6,16.0,6.0,15.0,9.0,1.1,53.0,15.4,16.0,11.0,9.0,,,0.5,15.0,33.4,83.0,0.49,16.0,0.34,0.3,0.8,42.9,91.0,2.8,,,9.0,11.0,7.97,6.0,0.48,0.1,2.0,,,15.5,1.1,34.3,3.3
238.0,Harry Wilson,Fulham,0.6,11.0,1614.0,35.0,WAL,,,1.2,0.5,1.9,,,1.0,2.2,2.0,10.0,0.8,48.4,4.0,0.0,5.0,6.0,0.8,66.7,3.3,4.0,2.7,6.0,,,0.6,10.0,25.7,79.2,0.22,4.0,0.15,0.3,1.6,61.7,22.0,1.2,,,6.0,2.7,6.8,2.0,0.19,0.2,3.0,,,3.4,0.7,32.5,2.2
239.0,Jean-Philippe Mateta,Crystal Palace,0.6,14.0,2283.0,35.0,FRA,,,1.4,1.2,1.5,,,2.0,0.9,7.0,34.8,1.0,41.0,16.0,2.0,5.0,5.0,0.6,68.2,13.4,16.0,1.3,5.0,,,0.2,4.0,12.0,73.8,0.63,16.0,0.05,0.2,0.3,80.0,32.0,1.3,,,5.0,1.3,6.95,4.0,0.43,0.2,4.0,,,10.9,1.1,63.0,1.8
240.0,Dominik Szoboszlai,Liverpool,0.6,13.0,2109.0,33.0,HUN,,,1.2,1.0,3.9,,,2.0,1.2,2.0,5.0,1.0,47.1,3.0,0.0,7.0,2.0,0.8,59.4,3.1,3.0,5.1,2.0,,,0.6,15.0,52.1,87.3,0.13,3.0,0.22,0.1,2.3,68.4,56.0,2.4,,,2.0,5.1,7.28,2.0,0.16,0.1,2.0,,,3.7,0.6,25.0,2.6
241.0,Miguel Almiron,Newcastle United,0.6,12.0,1945.0,33.0,PAR,,,0.7,0.8,1.9,,,,,4.0,7.3,1.1,51.1,3.0,0.0,6.0,1.0,1.1,66.7,4.5,3.0,2.4,1.0,,,0.5,10.0,30.4,85.8,0.14,3.0,0.11,0.0,0.6,65.0,24.0,1.1,,,1.0,2.4,6.84,0.0,0.21,0.1,2.0,,,4.5,0.6,29.3,1.9
242.0,Abdoulaye Doucouré,Everton,0.6,18.0,2637.0,32.0,MLI,,,1.8,0.9,2.1,,,,,10.0,14.9,0.9,54.3,7.0,0.0,4.0,2.0,0.9,62.8,8.8,7.0,1.5,2.0,1.0,32.0,0.5,15.0,23.2,78.5,0.24,7.0,0.05,0.1,0.6,48.6,34.0,1.2,,,2.0,1.5,7.01,0.0,0.3,0.1,3.0,,,8.8,0.8,48.9,1.6
243.0,Erling Haaland,Manchester City,0.6,16.0,2556.0,31.0,NOR,,,0.6,0.8,0.6,,,2.0,1.1,34.0,22.3,0.4,42.9,27.0,7.0,6.0,5.0,0.1,50.0,27.1,27.0,2.2,5.0,,,0.1,2.0,10.4,77.4,0.95,27.0,0.08,0.2,0.1,60.0,29.0,1.0,,,5.0,2.2,7.64,6.0,1.03,0.0,1.0,,,29.3,2.1,48.8,4.3
244.0,Billy Gilmour,Brighton and Hove Albion,0.6,14.0,2125.0,30.0,SCO,1.0,8.0,0.9,0.7,3.2,,,,,,,0.3,38.1,,,3.0,1.0,0.7,61.5,0.8,0.0,2.5,1.0,,,0.5,11.0,80.6,92.2,,,0.11,0.0,2.7,62.1,22.0,0.9,,,1.0,2.5,6.75,0.0,0.04,0.4,9.0,,,1.0,0.2,20.0,1.1
245.0,Mateo Kovacic,Manchester City,0.6,10.0,1548.0,30.0,CRO,,,1.0,0.6,2.6,,,,,1.0,4.6,1.2,74.1,1.0,0.0,3.0,0.0,1.5,69.4,1.1,1.0,1.9,0.0,,,0.6,10.0,83.3,94.1,0.06,1.0,0.11,0.0,1.2,54.1,21.0,1.2,,,,,7.09,0.0,0.07,0.1,1.0,,,1.3,0.3,22.7,1.3
246.0,Bryan Mbeumo,Brentford,0.6,12.0,1959.0,25.0,CMR,,,1.0,0.9,1.5,,,,,9.0,17.0,1.2,38.2,9.0,3.0,6.0,6.0,0.5,66.7,8.5,9.0,5.6,6.0,,,0.3,7.0,21.6,72.3,0.41,9.0,0.26,0.3,0.8,50.0,32.0,1.5,,,6.0,5.6,7.23,4.0,0.45,0.1,2.0,,,9.8,0.9,37.7,2.4
247.0,Michael Olise,Crystal Palace,0.6,9.0,1277.0,19.0,FRA,,,0.9,0.5,2.3,,,,,3.0,17.5,2.8,54.8,10.0,1.0,9.0,6.0,0.7,52.6,6.5,10.0,5.0,6.0,,,0.8,11.0,35.7,83.1,0.7,10.0,0.35,0.4,1.8,71.4,36.0,2.5,,,6.0,5.0,7.71,5.0,0.39,,,,,5.5,1.5,36.8,4.0
248.0,Bruno Guimaraes,Newcastle United,0.5,19.0,3268.0,37.0,BRA,,,1.4,0.9,3.3,,,,,2.0,14.6,2.0,63.7,7.0,0.0,12.0,8.0,1.5,60.2,4.1,7.0,6.3,8.0,,,1.0,35.0,53.0,85.0,0.19,7.0,0.17,0.2,3.6,59.2,62.0,1.7,,,8.0,6.3,7.65,5.0,0.13,0.4,14.0,,,4.8,0.4,33.3,1.3
249.0,Morgan Gibbs-White,Nottingham Forest,0.5,18.0,3160.0,37.0,ENG,,,1.1,0.6,2.4,,,,,5.0,7.0,1.3,44.4,5.0,1.0,16.0,10.0,0.7,66.7,5.0,5.0,6.8,10.0,,,0.5,17.0,28.1,76.9,0.14,5.0,0.19,0.3,2.1,56.3,74.0,2.1,,,10.0,6.8,7.24,3.0,0.2,0.2,8.0,,,6.9,0.4,21.1,2.0
250.0,Ollie Watkins,Aston Villa,0.5,19.0,3221.0,37.0,ENG,,,0.6,0.5,1.0,,,2.0,1.1,22.0,17.8,0.7,45.6,19.0,0.0,11.0,13.0,0.2,58.3,18.9,19.0,4.2,13.0,,,0.1,4.0,12.7,76.8,0.53,19.0,0.12,0.4,0.1,27.3,45.0,1.3,,,13.0,4.2,7.4,7.0,0.47,0.1,4.0,,,16.9,1.3,43.9,3.0
251.0,Douglas Luiz,Aston Villa,0.5,17.0,3001.0,35.0,BRA,,,1.5,0.7,2.3,,,,,3.0,18.8,0.7,60.0,9.0,4.0,10.0,5.0,1.1,65.5,9.4,9.0,5.3,5.0,,,0.7,23.0,52.9,89.4,0.27,9.0,0.16,0.1,3.0,66.0,53.0,1.6,,,5.0,5.3,7.28,5.0,0.21,0.2,8.0,,,7.0,0.5,35.4,1.4
252.0,John McGinn,Aston Villa,0.5,18.0,3009.0,35.0,SCO,1.0,9.0,1.2,0.7,2.4,,,,,3.0,15.0,1.6,66.7,6.0,0.0,10.0,4.0,1.0,59.3,5.2,6.0,4.9,4.0,,,0.6,21.0,28.3,82.7,0.18,6.0,0.15,0.1,2.2,61.9,44.0,1.3,,,4.0,4.9,7.19,1.0,0.15,0.1,4.0,,,5.0,0.5,40.0,1.2
253.0,Jordan Ayew,Crystal Palace,0.5,13.0,2549.0,35.0,GHA,1.0,7.0,1.6,0.8,2.4,,,,,4.0,8.3,1.8,47.7,4.0,0.0,7.0,7.0,1.3,55.4,3.7,4.0,2.7,7.0,,,0.6,16.0,23.1,80.6,0.14,4.0,0.09,0.2,0.4,34.4,25.0,0.9,,,7.0,2.7,7.0,1.0,0.14,0.1,2.0,,,3.9,0.7,41.7,1.7
254.0,Nicolas Jackson,Chelsea,0.5,17.0,2804.0,35.0,SEN,,,0.9,0.8,1.3,,,,,24.0,17.5,1.7,59.3,14.0,0.0,8.0,5.0,0.4,61.9,15.9,14.0,2.9,5.0,,,0.1,4.0,16.5,78.0,0.45,14.0,0.09,0.2,0.4,61.1,39.0,1.3,,,5.0,2.9,7.18,2.0,0.6,0.2,5.0,,,18.6,1.3,51.2,2.6
255.0,Phil Foden,Manchester City,0.5,16.0,2865.0,35.0,ENG,,,0.4,1.1,1.9,,,,,7.0,18.1,1.5,50.5,19.0,0.0,10.0,8.0,0.6,64.5,16.3,19.0,6.9,8.0,1.0,35.0,0.4,13.0,46.7,89.1,0.6,19.0,0.22,0.3,1.3,62.7,73.0,2.3,,,8.0,6.9,7.83,10.0,0.32,,,,,10.3,1.5,45.7,3.3
255.0,Emiliano Martinez,Aston Villa,0.5,16.0,3015.0,34.0,ARG,,,0.0,,,8.0,48.0,,,,,,,,,,,,,,,0.0,0.0,,,,,30.9,81.4,,,0.0,0.0,,,2.0,0.1,2.8,95.0,,,6.9,2.0,,,,1.4,48.0,,,,
257.0,Yoane Wissa,Brentford,0.5,13.0,2508.0,34.0,COD,,,1.4,0.9,1.5,,,1.0,1.8,12.0,17.9,0.7,46.5,12.0,0.0,7.0,3.0,0.6,57.1,9.1,12.0,2.0,3.0,,,0.3,9.0,11.6,73.2,0.43,12.0,0.07,0.1,0.4,57.1,30.0,1.1,,,3.0,2.0,7.07,2.0,0.38,0.1,3.0,,,10.6,0.9,38.8,2.4
258.0,Zeki Amdouni,Burnley,0.5,10.0,1971.0,34.0,SUI,,,1.0,0.6,2.0,,,1.0,1.8,6.0,10.2,1.3,38.2,5.0,1.0,2.0,1.0,0.8,66.7,6.1,5.0,1.3,1.0,,,0.4,9.0,18.0,80.9,0.23,5.0,0.06,0.0,0.8,64.3,16.0,0.7,,,1.0,1.3,6.6,1.0,0.27,0.5,10.0,,,5.8,1.0,44.9,2.2
259.0,Ederson Moraes,Manchester City,0.5,16.0,2788.0,33.0,BRA,,,0.1,,,10.0,27.0,,,,,0.0,100.0,,,,,,,,,0.1,0.0,1.0,33.0,,,30.4,85.9,,,0.0,0.0,,,1.0,0.0,1.8,57.0,,,6.93,0.0,,,,0.9,27.0,,,,
260.0,Tahith Chong,Luton Town,0.5,10.0,1986.0,33.0,NED,,,1.0,0.5,2.1,,,,,1.0,12.9,1.1,43.9,4.0,0.0,,,1.0,61.1,2.7,4.0,1.4,0.0,,,0.4,8.0,18.5,81.8,0.18,4.0,0.06,0.0,0.7,45.5,10.0,0.5,,,,,6.57,0.0,0.12,0.3,6.0,,,2.7,0.3,22.6,1.4
260.0,Justin Kluivert,Bournemouth,0.5,10.0,1934.0,32.0,NED,,,2.4,0.9,2.0,,,,,7.0,12.5,1.1,36.9,7.0,0.0,1.0,1.0,0.7,50.0,6.3,7.0,1.7,1.0,,,0.4,8.0,12.8,72.4,0.33,7.0,0.08,0.0,0.6,52.2,21.0,1.0,,,1.0,1.7,6.7,0.0,0.29,0.0,1.0,,,6.2,0.9,35.7,2.6
262.0,Alexander Isak,Newcastle United,0.5,12.0,2265.0,30.0,SWE,,,0.6,0.5,0.8,,,1.0,0.6,21.0,26.9,1.7,60.0,21.0,5.0,5.0,2.0,,,22.8,21.0,2.8,2.0,,,0.2,6.0,15.1,80.0,0.83,21.0,0.11,0.1,0.4,66.7,27.0,1.1,,,2.0,2.8,7.37,4.0,0.81,0.0,1.0,,,20.3,1.7,55.1,3.1
263.0,Antony,Manchester United,0.5,8.0,1323.0,29.0,BRA,,,1.3,1.7,2.7,,,1.0,2.2,4.0,2.3,1.8,44.1,1.0,0.0,7.0,1.0,1.4,52.5,4.1,1.0,1.9,1.0,1.0,29.0,0.8,12.0,30.5,80.0,0.07,1.0,0.13,0.1,0.7,57.9,22.0,1.5,,,1.0,1.9,6.84,1.0,0.23,0.1,1.0,,,3.4,1.1,37.2,2.9
264.0,Callum Hudson-Odoi,Nottingham Forest,0.5,11.0,1854.0,29.0,ENG,,,0.7,0.7,1.6,,,1.0,1.5,2.0,21.1,2.1,61.4,8.0,0.0,4.0,1.0,0.4,44.4,5.6,8.0,2.5,1.0,,,0.3,7.0,26.8,85.3,0.39,8.0,0.12,0.0,1.5,68.9,36.0,1.7,,,1.0,2.5,7.04,3.0,0.13,0.0,1.0,,,2.7,1.0,52.6,1.8
265.0,Wilson Odobert,Burnley,0.5,12.0,2107.0,29.0,FRA,,,0.4,0.6,1.6,,,,,2.0,6.1,2.3,52.0,3.0,0.0,7.0,2.0,0.6,76.5,2.4,3.0,3.6,2.0,,,0.3,6.0,18.5,79.4,0.13,3.0,0.15,0.1,0.4,56.3,31.0,1.3,,,2.0,3.6,6.86,0.0,0.12,0.1,2.0,,,2.8,0.6,28.6,2.1
266.0,Evan Ferguson,Brighton and Hove Albion,0.5,8.0,1365.0,27.0,IRL,,,1.6,0.4,0.9,,,1.0,1.6,4.0,18.2,0.5,53.8,6.0,0.0,1.0,0.0,0.4,42.9,5.6,6.0,0.8,0.0,,,0.1,2.0,16.1,81.3,0.4,6.0,0.05,0.0,0.3,57.1,6.0,0.4,,,,,6.52,1.0,0.3,0.2,3.0,,,4.6,1.3,60.6,2.2
267.0,Curtis Jones,Liverpool,0.5,7.0,1167.0,23.0,ENG,1.0,3.0,1.2,0.8,3.0,,,,,1.0,5.3,1.2,60.0,1.0,0.0,,,1.1,51.9,1.6,1.0,1.1,1.0,,,0.5,7.0,52.9,91.5,0.08,1.0,0.08,0.1,0.9,50.0,11.0,0.8,,,1.0,1.1,6.6,0.0,0.2,,,,,2.6,0.5,31.6,1.5
268.0,Armando Broja,Chelsea,0.5,3.0,535.0,21.0,ALB,,,1.5,1.0,1.3,,,1.0,1.9,2.0,7.7,2.5,42.9,1.0,0.0,1.0,1.0,,,1.3,1.0,0.3,1.0,,,,,17.2,85.7,0.17,1.0,0.05,0.2,0.2,50.0,4.0,0.7,,,1.0,0.3,,,0.35,0.2,1.0,,,2.1,0.3,15.4,2.2
269.0,Luis Sinisterra,Bournemouth,0.5,4.0,692.0,20.0,COL,,,1.4,0.8,2.5,,,,,1.0,7.4,3.8,61.7,2.0,0.0,2.0,2.0,1.6,52.2,2.0,2.0,1.1,2.0,,,1.0,8.0,29.3,80.1,0.26,2.0,0.14,0.3,1.8,77.8,20.0,2.6,,,2.0,1.1,6.91,0.0,0.33,,,,,2.5,1.2,33.3,3.5
270.0,Ansu Fati,Brighton and Hove Albion,0.5,3.0,513.0,19.0,ESP,,,1.1,0.9,2.3,,,,,4.0,7.7,0.9,35.7,2.0,0.0,1.0,0.0,0.5,60.0,3.4,2.0,0.6,0.0,,,0.5,3.0,31.2,87.3,0.35,2.0,0.11,0.0,1.1,85.7,6.0,1.1,,,,,,,0.6,,,,,3.4,1.9,42.3,4.6
271.0,Tariq Lamptey,Brighton and Hove Albion,0.5,5.0,912.0,19.0,GHA,,,1.1,0.3,1.0,,,,,1.0,0.0,0.6,42.9,,,1.0,3.0,1.4,66.7,,,0.8,3.0,1.0,19.0,0.6,6.0,32.2,87.9,,,0.08,0.3,0.7,63.6,10.0,1.0,,,3.0,0.8,,,0.06,0.3,3.0,,,0.6,,,0.6
272.0,Andreas Pereira,Fulham,0.4,11.0,2637.0,37.0,BRA,,,0.8,0.8,1.6,,,,,3.0,5.8,0.6,46.3,3.0,0.0,9.0,7.0,0.4,48.0,4.4,3.0,5.7,7.0,,,0.1,4.0,28.6,78.8,0.1,3.0,0.19,0.2,1.7,46.7,84.0,2.9,,,7.0,5.7,6.89,2.0,0.16,0.1,2.0,,,4.6,0.5,30.8,1.8
273.0,Alejandro Garnacho,Manchester United,0.4,12.0,2573.0,36.0,ARG,,,0.7,0.7,1.4,,,2.0,1.9,7.0,7.0,1.7,43.2,7.0,0.0,6.0,4.0,0.5,68.2,7.0,7.0,2.9,4.0,,,0.6,18.0,23.2,79.4,0.24,7.0,0.1,0.1,0.7,45.2,46.0,1.6,,,4.0,2.9,7.09,2.0,0.3,0.1,2.0,,,8.7,1.0,28.0,3.5
274.0,Darwin Nunez,Liverpool,0.4,9.0,2046.0,36.0,URU,,,1.2,0.7,1.4,,,1.0,0.7,27.0,10.2,0.7,42.9,11.0,0.0,11.0,8.0,0.5,54.5,15.5,11.0,4.5,8.0,,,0.1,3.0,14.6,71.6,0.48,11.0,0.2,0.4,0.5,44.0,33.0,1.5,,,8.0,4.5,7.16,1.0,0.72,0.3,6.0,,,16.4,2.0,42.6,4.8
275.0,Julián Álvarez,Manchester City,0.4,13.0,2657.0,36.0,ARG,,,0.8,1.1,1.3,,,2.0,0.4,10.0,11.2,0.7,47.6,11.0,2.0,7.0,9.0,0.4,54.2,14.8,11.0,6.3,9.0,,,0.1,2.0,33.1,87.9,0.37,11.0,0.21,0.3,0.8,70.6,67.0,2.3,,,9.0,6.3,7.47,3.0,0.44,,,,,13.1,1.4,40.8,3.3
276.0,Cody Gakpo,Liverpool,0.4,7.0,1644.0,35.0,NED,,,1.5,1.2,2.1,,,,,6.0,12.1,1.7,64.6,8.0,0.0,5.0,5.0,0.9,63.0,7.0,8.0,2.7,5.0,,,0.8,14.0,23.2,79.3,0.44,8.0,0.15,0.3,0.5,83.3,25.0,1.4,,,5.0,2.7,7.03,2.0,0.49,0.2,4.0,,,9.0,1.3,36.4,3.6
277.0,Cole Palmer,Chelsea,0.4,11.0,2624.0,34.0,ENG,,,0.8,0.9,1.5,,,1.0,0.9,7.0,20.2,1.8,53.1,22.0,9.0,17.0,11.0,0.4,52.2,20.0,22.0,8.7,11.0,,,0.7,20.0,37.4,83.3,0.75,22.0,0.3,0.4,2.4,65.7,72.0,2.5,,,11.0,8.7,7.78,7.0,0.62,0.1,2.0,,,18.2,1.6,42.2,3.7
278.0,Harvey Elliott,Liverpool,0.4,6.0,1336.0,34.0,ENG,,,0.5,1.3,3.1,,,1.0,0.9,1.0,6.1,0.6,47.4,3.0,0.0,5.0,6.0,1.1,63.0,2.8,3.0,4.6,6.0,,,0.4,6.0,53.4,87.7,0.2,3.0,0.31,0.4,2.7,62.5,37.0,2.5,,,6.0,4.6,7.05,2.0,0.18,,,,,2.7,1.1,34.7,3.3
279.0,Jarrod Bowen,West Ham United,0.4,12.0,3020.0,34.0,ENG,,,0.8,0.8,1.4,,,,,13.0,19.1,1.0,38.2,16.0,0.0,12.0,6.0,0.8,66.7,16.0,16.0,4.8,6.0,,,0.6,19.0,13.9,75.1,0.48,16.0,0.14,0.2,0.4,48.1,32.0,1.0,,,6.0,4.8,7.25,2.0,0.35,0.1,5.0,,,11.9,1.1,44.0,2.5
280.0,Tom Cairney,Fulham,0.4,6.0,1475.0,34.0,SCO,,,1.0,0.7,3.1,,,1.0,1.4,,,1.6,83.9,1.0,0.0,5.0,4.0,1.0,66.7,1.5,1.0,2.5,4.0,,,0.8,13.0,68.4,90.3,0.06,1.0,0.15,0.2,2.5,58.6,26.0,1.6,,,4.0,2.5,6.88,1.0,0.07,0.2,4.0,,,1.1,0.5,47.1,1.0
281.0,Bernardo Silva,Manchester City,0.4,12.0,2581.0,33.0,POR,,,0.8,1.0,1.3,,,,,3.0,17.7,1.3,64.4,6.0,0.0,13.0,9.0,0.8,45.1,5.6,6.0,8.0,9.0,,,0.6,17.0,56.9,89.4,0.21,6.0,0.28,0.3,2.1,63.4,64.0,2.2,,,9.0,8.0,7.57,2.0,0.13,0.1,4.0,,,3.7,0.5,44.1,1.2
282.0,David Raya,Arsenal,0.4,13.0,2880.0,32.0,ESP,,,,,,16.0,24.0,,,,,,,,,,,0.0,100.0,,,0.1,0.0,,,,,20.0,70.8,,,0.0,0.0,,,,,1.4,46.0,,,6.88,0.0,,,,0.8,24.0,,,,
283.0,Youri Tielemans,Aston Villa,0.4,8.0,1620.0,32.0,BEL,,,1.2,0.9,2.3,,,,,1.0,14.3,0.8,60.0,2.0,0.0,5.0,6.0,1.1,48.8,1.1,2.0,2.2,6.0,,,0.8,15.0,43.3,86.0,0.11,2.0,0.12,0.3,2.0,66.7,18.0,1.0,,,6.0,2.2,6.98,1.0,0.07,0.2,3.0,,,1.3,0.3,42.9,0.8
283.0,Raheem Sterling,Chelsea,0.4,8.0,1981.0,31.0,ENG,,,1.5,1.0,2.0,,,3.0,1.9,11.0,15.7,2.0,39.1,8.0,0.0,7.0,4.0,0.5,47.6,8.1,8.0,4.3,4.0,,,0.6,13.0,23.7,79.3,0.36,8.0,0.2,0.2,0.3,66.7,30.0,1.4,,,4.0,4.3,6.97,2.0,0.29,,,,,6.5,1.0,43.1,2.3
285.0,Willian,Fulham,0.4,10.0,2054.0,31.0,BRA,,,0.4,0.5,2.1,,,,,3.0,8.9,1.3,53.7,4.0,2.0,6.0,2.0,0.5,61.1,6.1,4.0,4.5,2.0,,,0.4,9.0,39.7,85.5,0.18,4.0,0.2,0.1,2.6,81.1,44.0,1.9,,,2.0,4.5,6.99,2.0,0.23,,,,,5.1,0.8,40.0,2.0
286.0,Cameron Archer,Sheffield United,0.4,9.0,1839.0,30.0,ENG,,,0.7,0.7,1.4,,,,,6.0,9.5,1.5,50.8,4.0,0.0,6.0,1.0,0.6,72.2,3.4,4.0,1.4,1.0,,,0.0,1.0,13.2,80.8,0.2,4.0,0.07,0.0,0.1,42.9,24.0,1.2,,,1.0,1.4,6.49,0.0,0.27,0.1,3.0,,,5.6,0.5,26.2,2.1
287.0,Giovani Lo Celso,Tottenham Hotspur,0.4,2.0,495.0,22.0,ARG,,,2.2,1.1,4.2,,,,,,,1.5,72.7,2.0,0.0,1.0,2.0,2.4,59.1,1.4,2.0,1.9,2.0,1.0,22.0,0.9,5.0,80.4,91.5,0.36,2.0,0.35,0.4,3.3,75.0,18.0,3.3,,,2.0,1.9,,,0.1,0.2,1.0,,,0.6,1.1,46.2,2.4
288.0,Callum Wilson,Newcastle United,0.4,4.0,985.0,20.0,ENG,,,1.5,0.5,1.0,,,,,6.0,25.7,1.3,48.3,9.0,2.0,2.0,1.0,0.3,60.0,9.2,9.0,0.6,1.0,,,0.2,2.0,9.4,65.2,0.82,9.0,0.05,0.1,0.2,40.0,8.0,0.7,,,1.0,0.6,,,0.81,,,,,8.9,1.9,60.0,3.2
288.0,Jack Grealish,Manchester City,0.4,4.0,1003.0,20.0,ENG,,,0.5,0.9,1.8,,,,,,,1.6,62.1,3.0,0.0,3.0,1.0,0.7,61.5,2.2,3.0,2.8,1.0,,,0.5,6.0,43.4,87.7,0.27,3.0,0.25,0.1,1.1,75.0,26.0,2.3,,,1.0,2.8,,,0.19,0.2,2.0,,,2.1,0.4,22.7,2.0
290.0,Brennan Johnson,Tottenham Hotspur,0.3,9.0,2330.0,35.0,WAL,,,0.7,0.8,1.3,,,,,17.0,9.4,1.0,39.1,5.0,0.0,12.0,10.0,0.6,53.3,7.4,5.0,4.5,10.0,,,0.4,10.0,20.7,76.6,0.19,5.0,0.17,0.4,0.3,28.0,46.0,1.8,,,10.0,4.5,7.08,0.0,0.41,0.1,2.0,,,10.7,0.8,39.6,2.0
291.0,Gabriel Martinelli,Arsenal,0.3,7.0,2029.0,35.0,BRA,,,1.0,0.8,2.1,,,,,5.0,10.3,1.8,39.6,6.0,0.0,7.0,4.0,1.1,80.0,5.8,6.0,5.2,4.0,,,0.2,5.0,30.4,85.0,0.27,6.0,0.23,0.2,1.1,72.7,46.0,2.0,,,4.0,5.2,7.09,1.0,0.31,0.0,1.0,,,7.1,1.0,37.9,2.6
292.0,Leandro Trossard,Arsenal,0.3,5.0,1646.0,34.0,BEL,,,0.8,0.7,3.1,,,1.0,1.1,7.0,20.0,1.4,61.0,12.0,0.0,3.0,1.0,0.9,59.3,10.6,12.0,3.2,1.0,,,0.4,8.0,26.1,78.7,0.66,12.0,0.17,0.1,1.0,56.3,24.0,1.3,,,1.0,3.2,7.01,1.0,0.43,0.1,1.0,,,7.9,1.2,36.7,3.3
293.0,Mohammed Kudus,West Ham United,0.3,8.0,2483.0,33.0,GHA,,,1.4,0.9,3.7,,,1.0,2.7,4.0,11.9,4.5,61.7,8.0,0.0,5.0,6.0,1.7,72.3,5.4,8.0,3.7,6.0,1.0,33.0,0.4,11.0,23.7,84.5,0.29,8.0,0.13,0.2,1.6,72.1,28.0,1.0,,,6.0,3.7,7.39,4.0,0.19,,,,,5.1,0.6,25.4,2.4
294.0,Mykhaylo Mudryk,Chelsea,0.3,6.0,1578.0,31.0,UKR,,,1.3,0.3,1.0,,,2.0,1.5,4.0,14.3,2.2,55.7,5.0,0.0,6.0,2.0,0.7,57.1,4.1,5.0,3.2,2.0,,,0.5,9.0,20.9,76.9,0.29,5.0,0.18,0.1,0.8,77.8,32.0,1.8,,,2.0,3.2,6.94,0.0,0.25,0.1,1.0,,,4.4,0.7,34.3,2.0
295.0,Neal Maupay,Brentford,0.3,4.0,1424.0,31.0,FRA,,,1.3,1.1,1.7,,,,,7.0,14.3,0.6,31.0,6.0,0.0,5.0,3.0,0.4,70.0,8.8,6.0,2.3,3.0,,,0.1,2.0,18.5,73.6,0.38,6.0,0.14,0.2,1.0,64.0,16.0,1.0,,,3.0,2.3,6.61,0.0,0.46,,,,,7.2,1.3,47.6,2.7
296.0,Pablo Sarabia,Wolverhampton Wanderers,0.3,6.0,1748.0,30.0,ESP,,,1.1,0.8,2.2,,,,,4.0,8.7,0.9,43.6,4.0,2.0,9.0,7.0,0.7,65.0,6.9,4.0,4.9,7.0,,,0.5,10.0,32.9,77.1,0.21,4.0,0.25,0.4,1.7,49.3,51.0,2.6,,,7.0,4.9,6.98,1.0,0.35,0.1,1.0,,,6.8,0.9,39.1,2.4
297.0,Hee-Chan Hwang,Wolverhampton Wanderers,0.3,8.0,2124.0,29.0,KOR,,,1.3,0.7,1.0,,,1.0,1.4,8.0,26.7,1.5,54.5,12.0,1.0,4.0,3.0,0.4,50.0,7.2,12.0,2.9,3.0,1.0,29.0,0.4,10.0,17.5,77.7,0.51,12.0,0.12,0.1,0.4,58.8,17.0,0.7,,,3.0,2.9,7.02,4.0,0.33,0.0,1.0,,,7.7,0.8,40.0,1.9
297.0,James Maddison,Tottenham Hotspur,0.3,8.0,2152.0,28.0,ENG,,,0.9,0.8,1.2,,,,,4.0,6.9,1.3,48.5,4.0,0.0,11.0,9.0,0.8,57.6,7.5,4.0,6.3,9.0,,,0.5,13.0,49.2,87.4,0.17,4.0,0.26,0.4,1.8,62.3,67.0,2.8,,,9.0,6.3,7.59,2.0,0.27,0.1,3.0,,,6.4,1.0,39.7,2.4
299.0,Edward Nketiah,Arsenal,0.3,4.0,1073.0,27.0,ENG,,,2.0,0.6,0.9,,,2.0,2.3,4.0,13.2,0.7,34.8,5.0,0.0,2.0,2.0,0.6,58.3,3.3,5.0,0.7,2.0,,,0.3,4.0,14.0,79.9,0.42,5.0,0.06,0.2,,,9.0,0.8,,,2.0,0.7,6.67,1.0,0.38,,,,,4.5,1.0,31.6,3.2
300.0,Facundo Buonanotte,Brighton and Hove Albion,0.3,5.0,1368.0,27.0,ARG,,,2.2,0.7,2.2,,,,,2.0,14.3,1.2,39.1,3.0,0.0,3.0,1.0,1.4,52.4,3.0,3.0,1.2,1.0,,,0.5,8.0,26.3,85.3,0.2,3.0,0.08,0.1,0.3,45.5,18.0,1.2,,,1.0,1.2,6.62,0.0,0.16,0.2,3.0,,,2.4,0.6,42.9,1.4
301.0,Diogo Jota,Liverpool,0.3,4.0,1150.0,21.0,POR,1.0,1.0,2.1,0.5,2.1,,,2.0,1.6,3.0,24.4,1.2,41.7,10.0,0.0,4.0,3.0,1.0,56.5,7.4,10.0,1.7,3.0,,,0.5,7.0,22.4,74.5,0.78,10.0,0.14,0.2,0.7,69.2,22.0,1.7,,,3.0,1.7,7.25,2.0,0.42,0.1,1.0,,,5.3,1.6,48.8,3.2
302.0,Divock Origi,Nottingham Forest,0.3,2.0,599.0,20.0,BEL,,,2.1,0.3,1.1,,,,,4.0,0.0,1.4,42.9,,,5.0,1.0,0.6,66.7,1.9,0.0,0.8,1.0,,,0.3,2.0,13.4,67.9,,,0.12,0.2,0.8,62.5,7.0,1.1,,,1.0,0.8,,,0.31,,,,,2.0,0.6,28.6,2.1
303.0,Moussa Diaby,Aston Villa,0.2,5.0,2184.0,38.0,FRA,,,0.7,0.4,1.0,,,,,7.0,11.1,1.2,43.9,6.0,0.0,13.0,8.0,0.2,41.7,7.9,6.0,4.5,8.0,,,0.4,9.0,19.4,82.6,0.25,6.0,0.19,0.3,0.4,56.3,47.0,1.9,,,8.0,4.5,6.89,1.0,0.29,0.0,1.0,,,7.1,0.9,42.6,2.2
304.0,Luis Diaz,Liverpool,0.2,7.0,2646.0,37.0,COL,,,1.8,0.8,2.0,,,1.0,1.4,13.0,8.5,2.3,54.0,8.0,0.0,5.0,5.0,0.9,71.4,8.8,8.0,4.7,5.0,,,0.1,3.0,29.6,85.3,0.27,8.0,0.16,0.2,1.5,78.6,64.0,2.2,,,5.0,4.7,7.31,2.0,0.4,,,,,11.9,1.1,34.0,3.2
305.0,Leon Bailey,Aston Villa,0.2,4.0,2072.0,35.0,JAM,,,1.1,0.6,1.5,,,,,1.0,18.9,2.5,53.3,10.0,0.0,12.0,9.0,0.3,53.8,6.2,10.0,7.3,9.0,,,0.4,9.0,23.8,78.2,0.43,10.0,0.32,0.4,1.2,65.9,52.0,2.3,,,9.0,7.3,7.14,4.0,0.27,0.0,1.0,,,6.3,0.8,34.0,2.3
306.0,Alex Iwobi,Fulham,0.2,6.0,2342.0,32.0,NGA,,,0.5,0.8,2.4,,,,,2.0,9.1,1.5,54.8,5.0,0.0,5.0,2.0,0.7,58.1,6.1,5.0,4.3,2.0,,,0.6,15.0,31.7,81.6,0.19,5.0,0.17,0.1,1.5,48.8,53.0,2.0,,,2.0,4.3,7.06,2.0,0.22,,,,,5.7,0.8,36.4,2.1
307.0,Eberechi Eze,Crystal Palace,0.2,4.0,2065.0,27.0,ENG,,,1.2,1.4,2.3,,,1.0,2.1,5.0,13.3,3.0,51.9,11.0,1.0,7.0,4.0,0.7,48.6,10.6,11.0,5.6,4.0,1.0,27.0,0.5,11.0,28.9,83.7,0.48,11.0,0.24,0.2,1.2,69.2,54.0,2.4,,,4.0,5.6,7.6,2.0,0.4,0.1,2.0,,,9.2,1.5,41.0,3.6
307.0,Michail Antonio,West Ham United,0.2,4.0,1710.0,26.0,JAM,,,1.3,0.7,1.0,,,,,6.0,20.0,1.5,52.7,6.0,0.0,1.0,2.0,0.4,53.3,5.4,6.0,1.3,2.0,,,0.2,4.0,9.1,64.6,0.32,6.0,0.07,0.1,0.4,53.3,8.0,0.4,,,2.0,1.3,6.61,0.0,0.3,0.2,3.0,,,5.8,0.7,46.7,1.6
309.0,Harvey Barnes,Newcastle United,0.2,2.0,794.0,21.0,ENG,,,0.6,0.9,1.7,,,,,2.0,18.5,0.8,33.3,5.0,0.0,8.0,3.0,0.1,16.7,4.7,5.0,1.9,3.0,,,0.6,5.0,22.8,79.1,0.57,5.0,0.22,0.3,0.3,33.3,13.0,1.5,,,3.0,1.9,6.79,0.0,0.41,,,,,3.6,1.4,44.4,3.1
310.0,Anthony Gordon,Newcastle United,0.1,4.0,2898.0,35.0,ENG,1.0,10.0,1.2,0.9,1.4,,,6.0,2.1,9.0,13.6,1.7,48.6,11.0,1.0,16.0,10.0,1.1,61.8,9.1,11.0,5.6,10.0,,,0.2,7.0,23.4,81.8,0.34,11.0,0.17,0.3,0.9,56.9,57.0,1.8,,,10.0,5.6,7.51,3.0,0.32,,,,,10.2,1.0,38.3,2.5
310.0,Heung-Min Son,Tottenham Hotspur,0.1,4.0,2946.0,35.0,KOR,,,0.4,1.0,0.8,,,1.0,1.2,7.0,20.0,1.2,45.3,17.0,2.0,20.0,10.0,0.4,61.9,13.9,17.0,8.3,10.0,1.0,35.0,0.2,8.0,26.6,85.1,0.52,17.0,0.25,0.3,0.3,68.8,68.0,2.1,,,10.0,8.3,7.5,7.0,0.37,0.0,1.0,,,12.1,1.2,47.1,2.6
312.0,Martin Ødegaard,Arsenal,0.1,5.0,3098.0,35.0,NOR,,,0.9,1.2,2.3,,,1.0,1.0,4.0,10.4,1.1,49.3,8.0,2.0,17.0,10.0,0.5,34.7,7.0,8.0,11.2,10.0,,,0.4,15.0,47.9,86.8,0.23,8.0,0.32,0.3,1.3,60.8,102.0,3.0,,,10.0,11.2,7.64,4.0,0.22,0.0,1.0,,,7.4,0.7,29.9,2.2
313.0,Jérémy Doku,Manchester City,0.1,2.0,1593.0,29.0,BEL,,,0.8,1.0,1.8,,,2.0,1.9,1.0,5.5,4.9,57.6,3.0,0.0,5.0,8.0,1.2,56.4,3.3,3.0,5.9,8.0,,,0.5,9.0,38.2,86.0,0.17,3.0,0.33,0.5,0.8,100.0,45.0,2.5,,,8.0,5.9,7.32,4.0,0.14,,,,,2.5,1.1,34.5,3.1
314.0,Adam Lallana,Brighton and Hove Albion,0.1,1.0,846.0,25.0,ENG,,,0.9,0.4,1.1,,,,,,,0.3,25.0,,,2.0,1.0,0.3,37.5,0.4,0.0,2.0,1.0,,,0.3,3.0,47.8,90.0,,,0.21,0.1,0.3,60.0,15.0,1.6,,,1.0,2.0,6.29,0.0,0.09,0.1,1.0,,,0.8,0.2,18.2,1.2
315.0,Pedro Neto,Wolverhampton Wanderers,0.1,2.0,1518.0,20.0,POR,,,0.9,0.7,2.8,,,1.0,1.2,2.0,5.6,2.2,46.8,2.0,0.0,7.0,9.0,0.2,42.9,2.3,2.0,3.7,9.0,,,0.3,5.0,29.1,83.4,0.12,2.0,0.22,0.5,1.0,58.6,38.0,2.3,,,9.0,3.7,7.3,1.0,0.21,0.1,1.0,,,3.5,0.7,33.3,2.1
316.0,Dejan Kulusevski,Tottenham Hotspur,0.0,1.0,2763.0,36.0,SWE,,,1.8,1.0,1.8,,,,,4.0,14.0,1.8,45.0,8.0,0.0,14.0,3.0,1.1,53.2,6.6,8.0,6.7,3.0,1.0,36.0,0.6,18.0,30.2,81.9,0.26,8.0,0.22,0.1,0.5,61.5,66.0,2.1,,,3.0,6.7,7.12,4.0,0.15,0.0,1.0,,,4.7,0.8,42.1,1.9
316.0,Mohamed Salah,Liverpool,0.0,1.0,2535.0,32.0,EGY,,,0.4,1.0,1.5,,,1.0,0.9,17.0,15.8,1.0,35.5,18.0,5.0,22.0,10.0,0.4,64.7,23.2,18.0,7.5,10.0,,,0.1,2.0,25.1,75.7,0.64,18.0,0.27,0.4,0.9,64.9,66.0,2.3,,,10.0,7.5,7.64,8.0,0.75,0.0,1.0,,,21.2,2.0,49.1,4.0
,Reece James,,,,,,,2.0,0.0,,,,,,,,,,,,,,7.0,2.0,,,0.3,0.0,1.6,2.0,,,,,,,,,,,,,12.0,2.6,,,2.0,1.6,,,,,,,,0.3,,,
,Connor Roberts,,,,,,,1.0,3.0,,,,,,,,1.0,0.0,,,,,,,,,,,0.4,1.0,,,,,,,,,,,,,7.0,0.8,,,1.0,0.4,,,,,,,,,,,
,Lorenz Assignon,,,,,,,1.0,3.0,,,,,,,,,,,,1.0,0.0,3.0,2.0,,,0.8,1.0,1.6,2.0,2.0,15.0,,,,,,,,,,,13.0,0.9,,,2.0,1.6,,,,,,,,0.4,,,
,Mason Holgate,,,,,,,1.0,3.0,,,,,,,,2.0,0.0,,,,,1.0,0.0,,,,,0.2,0.0,1.0,10.0,,,,,,,,,,,1.0,0.1,,,,,,,,,,,,0.6,,,
,Issa Diop,,,,,,,1.0,2.0,,,,,,,,,,,,,,,,,,0.3,0.0,0.4,0.0,3.0,18.0,,,,,,,,,,,,,,,,,,,,,,,,0.3,,,
,Tim Ream,,,,,,,1.0,2.0,,,,,,,,,,,,1.0,0.0,,,,,1.0,1.0,0.1,0.0,2.0,18.0,,,,,,,,,,,,,,,,,,,,,,,,1.0,,,
,Ben Mee,,,,,,,1.0,1.0,,,,,,,,1.0,20.0,,,2.0,0.0,,,,,0.3,2.0,0.7,0.0,,,,,,,,,,,,,6.0,0.4,,,,,,,,,,,,1.5,,,
,Kalvin Phillips,,,,,,,1.0,1.0,,,,,,,,,,,,,,,,,,0.1,0.0,0.1,0.0,1.0,12.0,,,,,,,,,,,,,,,,,,,,,,,,0.2,,,
,Mahmoud Dahoud,,,,,,,1.0,1.0,,,,,,,,,,,,,,2.0,1.0,,,0.0,0.0,0.4,1.0,,,,,,,,,,,,,10.0,2.0,,,1.0,0.4,,,,,,,,0.2,,,
,Anass Zaroury,,,,,,,1.0,0.0,,,,,,,,,,,,,,,,,,0.1,0.0,0.1,0.0,,,,,,,,,,,,,2.0,1.2,,,,,,,,,,,,0.2,,,
,Fabio Vieira,,,,,,,1.0,0.0,,,,,,2.0,3.1,,,,,1.0,1.0,2.0,2.0,,,1.1,1.0,0.8,2.0,,,,,,,,,,,,,5.0,1.5,,,2.0,0.8,,,,,,,,1.3,,,
,Joe Worrall,,,,,,,1.0,0.0,,,,,,,,,,,,,,,,,,,,0.3,0.0,,,,,,,,,,,,,2.0,0.4,,,,,,,,,,,,0.1,,,
,Rhian Brewster,,,,,,,1.0,0.0,,,,,,,,,,,,,,,,,,0.2,0.0,0.1,0.0,,,,,,,,,,,,,2.0,0.5,,,,,,,,,,,,0.4,,,
,Nick Pope,,,,,,,,,,,,5.0,16.0,,,,,,,,,,,,,,,0.0,0.0,,,,,,,,,,,,,,,,,,,,,,,,,,0.0,,,
,Dean Henderson,,,,,,,,,,,,4.0,30.0,,,,,,,,,,,,,,,0.0,0.0,,,,,,,,,,,,,,,,,,,,,,,,,,,,,
,Robert Sánchez,,,,,,,,,,,,3.0,25.0,,,,,,,,,,,,,,,0.0,0.0,,,,,,,,,,,,,,,,,,,,,,,,,,,,,
,Aaron Ramsdale,,,,,,,,,,,,2.0,5.0,,,,,,,,,,,,,,,0.0,0.0,,,,,,,,,,,,,,,,,,,,,,,,,,,,,
,Mark Travers,,,,,,,,,,,,2.0,5.0,,,,,,,,,,,,,,,0.0,0.0,1.0,4.0,,,,,,,,,,,,,,,,,,,,,,,,,,,
,Caoimhin Kelleher,,,,,,,,,,,,2.0,11.0,,,,,,,,,,,,,,,0.0,0.0,,,,,,,,,,,,,1.0,0.1,,,,,,,,,,,,,,,
,Matt Turner,,,,,,,,,,,,2.0,28.0,,,,,,,,,,,,,,,0.0,0.0,,,,,,,,,,,,,,,,,,,,,,,,,,,,,
,Jason Steele,,,,,,,,,,,,2.0,34.0,,,,,,,,,,,,,,,0.0,0.0,,,,,,,,,,,,,,,,,,,,,,,,,,,,,
,Daniel Bentley,,,,,,,,,,,,1.0,7.0,,,,,,,,,,,,,,,0.0,0.0,,,,,,,,,,,,,,,,,,,,,,,,,,,,,
,Stefan Ortega,,,,,,,,,,,,1.0,7.0,,,,,,,,,,,,,,,0.0,0.0,,,,,,,,,,,,,,,,,,,,,,,,,,,,,
,Odisseas Vlachodimos,,,,,,,,,,,,1.0,12.0,,,,,,,,,,,,,,,0.0,0.0,,,,,,,,,,,,,1.0,0.2,,,,,,,,,,,,,,,
,Lukasz Fabianski,,,,,,,,,,,,1.0,21.0,,,,,,,,,,,,,,,0.0,0.0,,,,,,,,,,,,,,,,,,,,,,,,,,,,,
,Matz Sels,,,,,,,,,,,,1.0,27.0,,,,,,,,,,,,,,,0.1,0.0,,,,,,,,,,,,,1.0,0.1,,,,,,,,,,,,,,,
,Ben Davies,,,,,,,,,,,,,,1.0,1.6,3.0,8.3,,,1.0,0.0,,,,,1.5,1.0,0.6,0.0,,,,,,,,,,,,,4.0,0.3,,,,,,,,,,,,2.3,,,
,Ben Brereton Diaz,,,,,,,,,,,,,,1.0,1.5,5.0,17.1,,,6.0,1.0,3.0,1.0,,,5.9,6.0,1.1,1.0,,,,,,,,,,,,,8.0,0.6,,,1.0,1.1,,,,,,,,6.1,,,
,George Baldock,,,,,,,,,,,,,,1.0,1.3,,,,,,,1.0,1.0,,,,,0.6,1.0,,,,,,,,,,,,,7.0,0.6,,,1.0,0.6,,,,,,,,0.0,,,
,Anthony Martial,,,,,,,,,,,,,,1.0,1.2,,,,,1.0,0.0,,,,,1.2,1.0,0.2,0.0,,,,,,,,,,,,,6.0,1.2,,,,,,,,,,,,1.2,,,
,Luca Koleosho,,,,,,,,,,,,,,1.0,1.2,3.0,4.4,,,1.0,0.0,2.0,1.0,,,0.6,1.0,1.1,1.0,,,,,,,,,,,,,11.0,1.0,,,1.0,1.1,,,,,,,,2.0,,,
,Matheus Franca,,,,,,,,,,,,,,1.0,0.8,,,,,,,1.0,1.0,,,0.2,0.0,0.5,1.0,,,,,,,,,,,,,6.0,2.4,,,1.0,0.5,,,,,,,,0.4,,,
,Ivan Toney,,,,,,,,,,,,,,,,11.0,7.8,,,4.0,0.0,3.0,2.0,,,5.0,4.0,1.4,2.0,,,,,,,,,,,,,12.0,0.7,,,2.0,1.4,,,,,,,,6.0,,,
,Enes Ünal,,,,,,,,,,,,,,,,6.0,8.7,,,2.0,0.0,2.0,2.0,,,1.6,2.0,0.1,2.0,,,,,,,,,,,,,5.0,1.4,,,2.0,0.1,,,,,,,,2.9,,,
,David Datro Fofana,,,,,,,,,,,,,,,,5.0,21.1,,,4.0,0.0,3.0,1.0,,,2.7,4.0,0.3,1.0,,,,,,,,,,,,,8.0,0.8,,,1.0,0.3,,,,,,,,4.5,,,
,Timo Werner,,,,,,,,,,,,,,,,5.0,6.9,,,2.0,0.0,3.0,3.0,,,2.3,2.0,2.9,3.0,,,,,,,,,,,,,15.0,1.7,,,3.0,2.9,,,,,,,,3.7,,,
,Arnaut Danjuma,,,,,,,,,,,,,,,,5.0,4.0,,,1.0,0.0,1.0,0.0,,,3.5,1.0,0.4,0.0,,,,,,,,,,,,,6.0,0.9,,,,,,,,,,,,2.6,,,
,Ben Godfrey,,,,,,,,,,,,,,,,4.0,0.0,,,,,,,,,0.8,0.0,0.5,0.0,1.0,15.0,,,,,,,,,,,3.0,0.2,,,,,,,,,,,,1.8,,,
,Jack Hinshelwood,,,,,,,,,,,,,,,,3.0,21.4,,,3.0,0.0,1.0,0.0,,,3.3,3.0,0.4,0.0,1.0,12.0,,,,,,,,,,,8.0,0.8,,,,,,,,,,,,2.0,,,
,Christopher Nkunku,,,,,,,,,,,,,,,,3.0,18.8,,,3.0,0.0,,,,,3.1,3.0,0.5,0.0,,,,,,,,,,,,,3.0,0.6,,,,,,,,,,,,2.3,,,
,David Brooks,,,,,,,,,,,,,,,,3.0,7.7,,,1.0,0.0,2.0,1.0,,,1.2,1.0,0.5,1.0,,,,,,,,,,,,,8.0,2.6,,,1.0,0.5,,,,,,,,2.2,,,
,Kevin Schade,,,,,,,,,,,,,,,,2.0,25.0,,,2.0,0.0,2.0,1.0,,,1.9,2.0,0.7,1.0,,,,,,,,,,,,,4.0,1.1,,,1.0,0.7,,,,,,,,1.2,,,
,Adama Traoré,,,,,,,,,,,,,,,,2.0,18.2,,,2.0,0.0,2.0,3.0,,,2.3,2.0,0.9,3.0,,,,,,,,,,,,,7.0,1.7,,,3.0,0.9,,,,,,,,1.5,,,
,Kieffer Moore,,,,,,,,,,,,,,,,2.0,16.7,,,1.0,0.0,1.0,0.0,,,0.9,1.0,0.3,0.0,,,,,,,,,,,,,2.0,1.8,,,,,,,,,,,,1.5,,,
,Tom Lockyer,,,,,,,,,,,,,,,,2.0,14.3,,,1.0,0.0,1.0,1.0,,,0.9,1.0,0.3,1.0,1.0,14.0,,,,,,,,,,,3.0,0.2,,,1.0,0.3,,,,,,,,1.1,,,
,Jacob Ramsey,,,,,,,,,,,,,,,,2.0,5.3,,,1.0,0.0,1.0,1.0,,,1.1,1.0,1.4,1.0,,,,,,,,,,,,,10.0,1.1,,,1.0,1.4,,,,,,,,2.2,,,
,Anis Ben Slimane,,,,,,,,,,,,,,,,2.0,0.0,,,,,,,,,0.4,0.0,0.1,0.0,,,,,,,,,,,,,3.0,0.7,,,,,,,,,,,,0.8,,,
,Ben Chilwell,,,,,,,,,,,,,,,,2.0,0.0,,,,,3.0,1.0,,,0.7,0.0,1.8,1.0,,,,,,,,,,,,,14.0,1.7,,,1.0,1.8,,,,,,,,1.2,,,
,Daniel Munoz,,,,,,,,,,,,,,,,2.0,0.0,,,,,5.0,4.0,,,,,1.3,4.0,,,,,,,,,,,,,21.0,1.3,,,4.0,1.3,,,,,,,,1.2,,,
,Fabio Silva,,,,,,,,,,,,,,,,2.0,0.0,,,,,,,,,1.0,0.0,0.1,0.0,1.0,8.0,,,,,,,,,,,4.0,1.4,,,,,,,,,,,,1.0,,,
,Julio Enciso,,,,,,,,,,,,,,,,2.0,0.0,,,,,4.0,2.0,,,1.6,0.0,1.3,2.0,,,,,,,,,,,,,9.0,1.7,,,2.0,1.3,,,,,,,,1.4,,,
,Max Lowe,,,,,,,,,,,,,,,,2.0,0.0,,,,,1.0,1.0,,,,,0.1,1.0,,,,,,,,,,,,,2.0,0.4,,,1.0,0.1,,,,,,,,0.6,,,
,Said Benrahma,,,,,,,,,,,,,,,,2.0,0.0,,,,,2.0,1.0,,,1.7,0.0,0.8,1.0,,,,,,,,,,,,,11.0,1.6,,,1.0,0.8,,,,,,,,1.8,,,
,Sasa Kalajdzic,,,,,,,,,,,,,,,,1.0,50.0,,,2.0,0.0,2.0,0.0,,,1.6,2.0,0.3,0.0,,,,,,,,,,,,,4.0,2.3,,,,,,,,,,,,1.1,,,
,Sandro Tonali,,,,,,,,,,,,,,,,1.0,33.3,,,1.0,0.0,,,,,1.6,1.0,0.5,0.0,,,,,,,,,,,,,7.0,1.4,,,,,,,,,,,,0.7,,,
,Morgan Rogers,,,,,,,,,,,,,,,,1.0,27.3,,,3.0,0.0,1.0,1.0,,,1.4,3.0,0.4,1.0,,,,,,,,,,,,,9.0,1.3,,,1.0,0.4,,,,,,,,1.4,,,
,Kenny Tete,,,,,,,,,,,,,,,,1.0,25.0,,,1.0,0.0,,,,,0.4,1.0,0.5,0.0,1.0,14.0,,,,,,,,,,,3.0,0.3,,,,,,,,,,,,0.9,,,
,Oscar Bobb,,,,,,,,,,,,,,,,1.0,25.0,,,1.0,0.0,2.0,1.0,,,1.0,1.0,1.3,1.0,,,,,,,,,,,,,9.0,2.7,,,1.0,1.3,,,,,,,,1.4,,,
,Solly March,,,,,,,,,,,,,,,,1.0,21.4,,,3.0,0.0,2.0,1.0,,,2.7,3.0,1.0,1.0,,,,,,,,,,,,,7.0,1.1,,,1.0,1.0,,,,,,,,2.0,,,
,Lewis Dobbin,,,,,,,,,,,,,,,,1.0,20.0,,,1.0,0.0,1.0,0.0,,,0.3,1.0,0.1,0.0,,,,,,,,,,,,,4.0,1.6,,,,,,,,,,,,0.3,,,
,Jamaal Lascelles,,,,,,,,,,,,,,,,1.0,16.7,,,1.0,0.0,,,,,0.4,1.0,0.1,0.0,,,,,,,,,,,,,2.0,0.2,,,,,,,,,,,,0.8,,,
,Matt Ritchie,,,,,,,,,,,,,,,,1.0,16.7,,,1.0,0.0,,,,,1.2,1.0,0.1,0.0,,,,,,,,,,,,,,,,,,,,,,,,,,1.0,,,
,Michael Keane,,,,,,,,,,,,,,,,1.0,16.7,,,1.0,0.0,,,,,0.5,1.0,0.1,0.0,1.0,9.0,,,,,,,,,,,,,,,,,,,,,,,,0.7,,,
,Joseph Willock,,,,,,,,,,,,,,,,1.0,14.3,,,1.0,0.0,,,,,1.2,1.0,0.6,0.0,,,,,,,,,,,,,7.0,1.5,,,,,,,,,,,,0.8,,,
,Kevin De Bruyne,,,,,,,,,,,,,,,,1.0,9.1,,,4.0,0.0,21.0,10.0,,,4.0,4.0,7.1,10.0,,,,,,,,,,,,,59.0,4.3,,,10.0,7.1,,,,,,,,2.4,,,
,Lewis Miley,,,,,,,,,,,,,,,,1.0,7.7,,,1.0,0.0,3.0,3.0,,,1.0,1.0,1.4,3.0,,,,,,,,,,,,,12.0,0.9,,,3.0,1.4,,,,,,,,1.2,,,
,Bénie Traoré,,,,,,,,,,,,,,,,1.0,0.0,,,,,,,,,0.6,0.0,0.5,0.0,,,,,,,,,,,,,4.0,0.9,,,,,,,,,,,,0.3,,,
,Benoit Badiashile,,,,,,,,,,,,,,,,1.0,0.0,,,,,2.0,1.0,,,0.2,0.0,0.9,1.0,1.0,18.0,,,,,,,,,,,6.0,0.4,,,1.0,0.9,,,,,,,,0.3,,,
,Bryan Gil,,,,,,,,,,,,,,,,1.0,0.0,,,,,,,,,0.0,0.0,0.3,0.0,,,,,,,,,,,,,4.0,1.8,,,,,,,,,,,,0.8,,,
,Cheikhou Kouyaté,,,,,,,,,,,,,,,,1.0,0.0,,,,,,,,,0.3,0.0,0.0,0.0,,,,,,,,,,,,,1.0,0.4,,,,,,,,,,,,0.3,,,
,Chris Basham,,,,,,,,,,,,,,,,1.0,0.0,,,,,,,,,,,0.1,0.0,,,,,,,,,,,,,2.0,0.6,,,,,,,,,,,,0.1,,,
,Clément Lenglet,,,,,,,,,,,,,,,,1.0,0.0,,,,,1.0,1.0,,,0.3,0.0,0.5,1.0,,,,,,,,,,,,,2.0,0.2,,,1.0,0.5,,,,,,,,0.9,,,
,Emile Smith Rowe,,,,,,,,,,,,,,,,1.0,0.0,,,,,,,,,1.1,0.0,0.4,1.0,,,,,,,,,,,,,4.0,1.0,,,1.0,0.4,,,,,,,,2.0,,,
,Ian Maatsen,,,,,,,,,,,,,,,,1.0,0.0,,,,,,,,,,,0.2,0.0,,,,,,,,,,,,,2.0,0.9,,,,,,,,,,,,1.0,,,
,Ibrahim Sangaré,,,,,,,,,,,,,,,,1.0,0.0,,,,,,,,,,,0.4,0.0,,,,,,,,,,,,,7.0,0.6,,,,,,,,,,,,0.6,,,
,Jakub Moder,,,,,,,,,,,,,,,,1.0,0.0,,,,,2.0,0.0,,,1.1,0.0,0.8,0.0,,,,,,,,,,,,,5.0,0.7,,,,,,,,,,,,0.6,,,
,Joel Matip,,,,,,,,,,,,,,,,1.0,0.0,,,,,,,,,0.1,0.0,0.1,0.0,,,,,,,,,,,,,2.0,0.2,,,,,,,,,,,,0.6,,,
,Luke Harris,,,,,,,,,,,,,,,,1.0,0.0,,,,,,,,,0.3,0.0,0.0,0.0,,,,,,,,,,,,,,,,,,,,,,,,,,0.3,,,
,Luke Thomas,,,,,,,,,,,,,,,,1.0,0.0,,,,,,,,,0.7,0.0,0.2,0.0,,,,,,,,,,,,,2.0,0.2,,,,,,,,,,,,0.5,,,
,Mike Tresor,,,,,,,,,,,,,,,,1.0,0.0,,,,,1.0,0.0,,,,,0.5,0.0,,,,,,,,,,,,,7.0,1.5,,,,,,,,,,,,0.5,,,
,Nathan Fraser,,,,,,,,,,,,,,,,1.0,0.0,,,,,,,,,0.7,0.0,0.1,0.0,,,,,,,,,,,,,2.0,1.0,,,,,,,,,,,,0.3,,,
,Radu Dragusin,,,,,,,,,,,,,,,,1.0,0.0,,,,,,,,,,,0.0,0.0,,,,,,,,,,,,,,,,,,,,,,,,,,0.1,,,
,Valentin Barco,,,,,,,,,,,,,,,,1.0,0.0,,,,,,,,,0.2,0.0,0.4,0.0,,,,,,,,,,,,,4.0,1.2,,,,,,,,,,,,0.2,,,
,Youssef Chermiti,,,,,,,,,,,,,,,,1.0,0.0,,,,,2.0,0.0,,,0.3,0.0,0.3,0.0,,,,,,,,,,,,,4.0,1.8,,,,,,,,,,,,0.7,,,
,Carlos Vinicius,,,,,,,,,,,,,,,,,,,,2.0,0.0,1.0,0.0,,,2.0,2.0,0.1,0.0,,,,,,,,,,,,,5.0,1.5,,,,,,,,,,,,1.6,,,
,Jarell Quansah,,,,,,,,,,,,,,,,,,,,2.0,0.0,,,,,1.8,2.0,0.2,0.0,1.0,17.0,,,,,,,,,,,3.0,0.2,,,,,,,,,,,,1.0,,,
,Luke Berry,,,,,,,,,,,,,,,,,,,,2.0,0.0,,,,,1.3,2.0,0.1,1.0,,,,,,,,,,,,,2.0,0.6,,,1.0,0.1,,,,,,,,1.0,,,
,Rico Lewis,,,,,,,,,,,,,,,,,,,,2.0,0.0,4.0,0.0,,,2.0,2.0,1.2,0.0,,,,,,,,,,,,,13.0,1.5,,,,,,,,,,,,0.6,,,
,Sven Botman,,,,,,,,,,,,,,,,,,,,2.0,0.0,2.0,2.0,,,0.8,2.0,0.6,2.0,1.0,17.0,,,,,,,,,,,5.0,0.3,,,2.0,0.6,,,,,,,,0.6,,,
,Albert Sambi Lokonga,,,,,,,,,,,,,,,,,,,,1.0,0.0,2.0,3.0,,,0.6,1.0,0.8,3.0,,,,,,,,,,,,,9.0,0.6,,,3.0,0.8,,,,,,,,0.6,,,
,Alejo Veliz,,,,,,,,,,,,,,,,,,,,1.0,0.0,,,,,0.8,1.0,0.0,0.0,,,,,,,,,,,,,,,,,,,,,,,,,,0.2,,,
,Alfie Gilchrist,,,,,,,,,,,,,,,,,,,,1.0,0.0,,,,,0.6,1.0,0.0,0.0,,,,,,,,,,,,,,,,,,,,,,,,,,0.3,,,
,Amad Diallo,,,,,,,,,,,,,,,,,,,,1.0,0.0,1.0,1.0,,,0.2,1.0,0.5,1.0,,,,,,,,,,,,,10.0,2.3,,,1.0,0.5,,,,,,,,0.5,,,
,Ameen Al Dakhil,,,,,,,,,,,,,,,,,,,,1.0,0.0,,,,,1.4,1.0,0.6,0.0,1.0,13.0,,,,,,,,,,,2.0,0.2,,,,,,,,,,,,1.3,,,
,André Gomes,,,,,,,,,,,,,,,,,,,,1.0,0.0,,,,,0.9,1.0,0.5,0.0,,,,,,,,,,,,,4.0,0.7,,,,,,,,,,,,0.3,,,
,Carney Chukwuemeka,,,,,,,,,,,,,,,,,,,,1.0,0.0,,,,,0.2,1.0,0.3,1.0,,,,,,,,,,,,,4.0,1.6,,,1.0,0.3,,,,,,,,0.2,,,
,Conor Bradley,,,,,,,,,,,,,,,,,,,,1.0,0.0,2.0,3.0,,,1.3,1.0,1.2,3.0,,,,,,,,,,,,,15.0,1.8,,,3.0,1.2,,,,,,,,0.9,,,
,George Earthy,,,,,,,,,,,,,,,,,,,,1.0,0.0,,,,,0.8,1.0,0.0,0.0,,,,,,,,,,,,,,,,,,,,,,,,,,0.3,,,
,Hannibal Mejbri,,,,,,,,,,,,,,,,,,,,1.0,0.0,,,,,0.2,1.0,0.5,0.0,,,,,,,,,,,,,2.0,1.4,,,,,,,,,,,,0.0,,,
,John Stones,,,,,,,,,,,,,,,,,,,,1.0,0.0,,,,,1.1,1.0,0.4,0.0,,,,,,,,,,,,,6.0,0.5,,,,,,,,,,,,1.0,,,
,Leander Dendoncker,,,,,,,,,,,,,,,,,,,,1.0,0.0,,,,,1.0,1.0,0.0,0.0,,,,,,,,,,,,,,,,,,,,,,,,,,0.7,,,
,Lewis Hall,,,,,,,,,,,,,,,,,,,,1.0,0.0,,,,,0.5,1.0,0.7,0.0,,,,,,,,,,,,,3.0,0.3,,,,,,,,,,,,0.3,,,
,Mads Juel Andersen,,,,,,,,,,,,,,,,,,,,1.0,0.0,,,,,0.8,1.0,0.0,0.0,,,,,,,,,,,,,,,,,,,,,,,,,,0.3,,,
,Mason Mount,,,,,,,,,,,,,,,,,,,,1.0,0.0,,,,,0.9,1.0,0.4,0.0,,,,,,,,,,,,,6.0,1.1,,,,,,,,,,,,0.4,,,
,Mathias Jørgensen,,,,,,,,,,,,,,,,,,,,1.0,0.0,2.0,0.0,,,0.9,1.0,0.5,0.0,,,,,,,,,,,,,7.0,0.6,,,,,,,,,,,,0.7,,,
,Maxwel Cornet,,,,,,,,,,,,,,,,,,,,1.0,0.0,,,,,0.8,1.0,0.0,0.0,,,,,,,,,,,,,4.0,3.3,,,,,,,,,,,,0.4,,,
,Shandon Baptiste,,,,,,,,,,,,,,,,,,,,1.0,0.0,1.0,1.0,,,1.1,1.0,0.4,1.0,,,,,,,,,,,,,4.0,1.6,,,1.0,0.4,,,,,,,,0.9,,,
,Trevoh Chalobah,,,,,,,,,,,,,,,,,,,,1.0,0.0,,,,,0.3,1.0,0.4,0.0,,,,,,,,,,,,,2.0,0.2,,,,,,,,,,,,0.2,,,
,Adam Wharton,,,,,,,,,,,,,,,,,,,,,,5.0,3.0,,,0.0,0.0,1.5,3.0,,,,,,,,,,,,,21.0,1.4,,,3.0,1.5,,,,,,,,0.3,,,
,Gonzalo Montiel,,,,,,,,,,,,,,,,,,,,,,4.0,2.0,,,,,0.9,2.0,1.0,14.0,,,,,,,,,,,9.0,1.0,,,2.0,0.9,,,,,,,,0.1,,,
,Konstantinos Tsimikas,,,,,,,,,,,,,,,,,,,,,,2.0,3.0,,,,,1.3,3.0,,,,,,,,,,,,,16.0,2.1,,,3.0,1.3,,,,,,,,0.1,,,
,James Milner,,,,,,,,,,,,,,,,,,,,,,2.0,2.0,,,0.2,0.0,1.7,2.0,1.0,15.0,,,,,,,,,,,16.0,1.9,,,2.0,1.7,,,,,,,,0.3,,,
,Ivan Perisic,,,,,,,,,,,,,,,,,,,,,,2.0,1.0,,,,,0.7,1.0,,,,,,,,,,,,,5.0,4.6,,,1.0,0.7,,,,,,,,0.1,,,
,Rico Henry,,,,,,,,,,,,,,,,,,,,,,2.0,1.0,,,,,0.8,1.0,,,,,,,,,,,,,5.0,1.1,,,1.0,0.8,,,,,,,,0.1,,,
,Emil Krafth,,,,,,,,,,,,,,,,,,,,,,2.0,0.0,,,,,0.8,0.0,,,,,,,,,,,,,9.0,0.9,,,,,,,,,,,,0.2,,,
,Manor Solomon,,,,,,,,,,,,,,,,,,,,,,1.0,2.0,,,0.2,0.0,0.8,2.0,,,,,,,,,,,,,12.0,5.5,,,2.0,0.8,,,,,,,,0.4,,,
,Serge Aurier,,,,,,,,,,,,,,,,,,,,,,1.0,2.0,,,0.1,0.0,0.5,2.0,,,,,,,,,,,,,4.0,0.4,,,2.0,0.5,,,,,,,,0.2,,,
,Chris Mepham,,,,,,,,,,,,,,,,,,,,,,1.0,1.0,,,0.2,0.0,0.5,1.0,,,,,,,,,,,,,3.0,0.4,,,1.0,0.5,,,,,,,,0.1,,,
,Jordan Beyer,,,,,,,,,,,,,,,,,,,,,,1.0,1.0,,,,,0.2,1.0,,,,,,,,,,,,,3.0,0.2,,,1.0,0.2,,,,,,,,0.6,,,
,Omari Forson,,,,,,,,,,,,,,,,,,,,,,1.0,1.0,,,,,0.0,1.0,,,,,,,,,,,,,2.0,2.6,,,1.0,0.0,,,,,,,,0.0,,,
,Aaron Cresswell,,,,,,,,,,,,,,,,,,,,,,1.0,0.0,,,,,0.3,0.0,,,,,,,,,,,,,5.0,1.0,,,,,,,,,,,,,,,
,Aaron Ramsey,,,,,,,,,,,,,,,,,,,,,,1.0,0.0,,,0.3,0.0,0.5,0.0,1.0,14.0,,,,,,,,,,,1.0,0.2,,,,,,,,,,,,0.3,,,
,Arijanet Muric,,,,,,,,,,,,,,,,,,,,,,1.0,0.0,,,,,0.1,0.0,,,,,,,,,,,,,4.0,0.4,,,,,,,,,,,,,,,
,Cheick Oumar Doucouré,,,,,,,,,,,,,,,,,,,,,,1.0,0.0,,,0.5,0.0,0.8,0.0,,,,,,,,,,,,,10.0,1.0,,,,,,,,,,,,0.3,,,
,Daiki Hashioka,,,,,,,,,,,,,,,,,,,,,,1.0,0.0,,,,,0.3,0.0,,,,,,,,,,,,,3.0,0.5,,,,,,,,,,,,0.1,,,
,John Fleck,,,,,,,,,,,,,,,,,,,,,,1.0,0.0,,,,,0.3,0.0,,,,,,,,,,,,,2.0,2.0,,,,,,,,,,,,,,,
,Luke Shaw,,,,,,,,,,,,,,,,,,,,,,1.0,0.0,,,,,0.9,0.0,,,,,,,,,,,,,13.0,1.2,,,,,,,,,,,,0.0,,,
,Nathan Redmond,,,,,,,,,,,,,,,,,,,,,,1.0,0.0,,,0.3,0.0,0.4,0.0,,,,,,,,,,,,,4.0,2.7,,,,,,,,,,,,0.0,,,
,Ollie Arblaster,,,,,,,,,,,,,,,,,,,,,,1.0,0.0,,,0.1,0.0,0.9,0.0,,,,,,,,,,,,,11.0,1.0,,,,,,,,,,,,0.0,,,
,Pablo Fornals,,,,,,,,,,,,,,,,,,,,,,1.0,0.0,,,0.4,0.0,0.3,0.0,,,,,,,,,,,,,5.0,1.1,,,,,,,,,,,,0.3,,,
,Reiss Nelson,,,,,,,,,,,,,,,,,,,,,,1.0,0.0,,,0.2,0.0,0.4,0.0,,,,,,,,,,,,,5.0,1.8,,,,,,,,,,,,0.2,,,
,Seamus Coleman,,,,,,,,,,,,,,,,,,,,,,1.0,0.0,,,,,0.7,0.0,,,,,,,,,,,,,3.0,0.4,,,,,,,,,,,,,,,
,Yasser Larouci,,,,,,,,,,,,,,,,,,,,,,1.0,0.0,,,0.0,0.0,0.1,0.0,,,,,,,,,,,,,2.0,0.3,,,,,,,,,,,,0.2,,,
,Maxime Estève,,,,,,,,,,,,,,,,,,,,,,,,,,,,0.2,0.0,,,,,,,,,,,,,1.0,0.1,,,,,,,,,,,,0.3,,,
,Aaron Hickey,,,,,,,,,,,,,,,,,,,,,,,,,,0.1,0.0,0.1,0.0,,,,,,,,,,,,,1.0,0.1,,,,,,,,,,,,0.2,,,
,Marvelous Nakamba,,,,,,,,,,,,,,,,,,,,,,,,,,,,0.5,0.0,,,,,,,,,,,,,7.0,0.6,,,,,,,,,,,,0.2,,,
,Felipe,,,,,,,,,,,,,,,,,,,,,,,,,,,,0.0,0.0,,,,,,,,,,,,,2.0,0.5,,,,,,,,,,,,0.1,,,
,Lisandro Martinez,,,,,,,,,,,,,,,,,,,,,,,,,,,,0.1,1.0,,,,,,,,,,,,,3.0,0.4,,,1.0,0.1,,,,,,,,,,,
,Thomas Partey,,,,,,,,,,,,,,,,,,,,,,,,,,0.1,0.0,0.6,0.0,,,,,,,,,,,,,6.0,0.7,,,,,,,,,,,,0.4,,,
,Adam Webster,,,,,,,,,,,,,,,,,,,,,,,,,,,,0.3,0.0,,,,,,,,,,,,,5.0,0.4,,,,,,,,,,,,0.6,,,
,Andrew Omobamidele,,,,,,,,,,,,,,,,,,,,,,,,,,,,0.0,0.0,,,,,,,,,,,,,2.0,0.2,,,,,,,,,,,,0.2,,,
,Hannes Delcroix,,,,,,,,,,,,,,,,,,,,,,,,,,0.1,0.0,0.1,0.0,,,,,,,,,,,,,4.0,0.6,,,,,,,,,,,,0.4,,,
,Hjalmar Ekdal,,,,,,,,,,,,,,,,,,,,,,,,,,0.0,0.0,0.0,0.0,,,,,,,,,,,,,1.0,0.2,,,,,,,,,,,,0.1,,,
,John Egan,,,,,,,,,,,,,,,,,,,,,,,,,,0.2,0.0,0.0,0.0,1.0,6.0,,,,,,,,,,,,,,,,,,,,,,,,0.3,,,
,Jurrien Timber,,,,,,,,,,,,,,,,,,,,,,,,,,,,0.0,0.0,,,,,,,,,,,,,,,,,,,,,,,,,,,,,
,Lesley Ugochukwu,,,,,,,,,,,,,,,,,,,,,,,,,,,,0.1,0.0,,,,,,,,,,,,,3.0,0.9,,,,,,,,,,,,,,,
,Nuno Tavares,,,,,,,,,,,,,,,,,,,,,,,,,,0.0,0.0,0.4,0.0,,,,,,,,,,,,,2.0,0.4,,,,,,,,,,,,0.2,,,
,Thilo Kehrer,,,,,,,,,,,,,,,,,,,,,,,,,,,,0.0,0.0,,,,,,,,,,,,,,,,,,,,,,,,,,,,,
,Tom Davies,,,,,,,,,,,,,,,,,,,,,,,,,,0.9,0.0,0.2,0.0,1.0,9.0,,,,,,,,,,,1.0,0.4,,,,,,,,,,,,0.4,,,
,Angelo Ogbonna,,,,,,,,,,,,,,,,,,,,,,,,,,,,0.1,0.0,,,,,,,,,,,,,,,,,,,,,,,,,,0.0,,,
,Ben Johnson,,,,,,,,,,,,,,,,,,,,,,,,,,0.2,0.0,0.1,0.0,,,,,,,,,,,,,,,,,,,,,,,,,,0.2,,,
,Benicio Baker-Boaitey,,,,,,,,,,,,,,,,,,,,,,,,,,,,0.1,0.0,,,,,,,,,,,,,1.0,2.4,,,,,,,,,,,,0.0,,,
,Calum Chambers,,,,,,,,,,,,,,,,,,,,,,,,,,,,0.0,1.0,,,,,,,,,,,,,1.0,0.6,,,1.0,0.0,,,,,,,,,,,
,David Ozoh,,,,,,,,,,,,,,,,,,,,,,,,,,,,0.0,0.0,,,,,,,,,,,,,,,,,,,,,,,,,,,,,
,Davinson Sánchez,,,,,,,,,,,,,,,,,,,,,,,,,,,,0.0,0.0,,,,,,,,,,,,,,,,,,,,,,,,,,0.1,,,
,Fodé Ballo,,,,,,,,,,,,,,,,,,,,,,,,,,,,0.0,0.0,,,,,,,,,,,,,,,,,,,,,,,,,,,,,
,Fred Onyedinma,,,,,,,,,,,,,,,,,,,,,,,,,,0.2,0.0,0.1,0.0,1.0,8.0,,,,,,,,,,,2.0,0.4,,,,,,,,,,,,0.2,,,
,Ivo Grbic,,,,,,,,,,,,,,,,,,,,,,,,,,,,0.0,0.0,,,,,,,,,,,,,,,,,,,,,,,,,,,,,
,Jaidon Anthony,,,,,,,,,,,,,,,,,,,,,,,,,,0.0,0.0,0.0,0.0,,,,,,,,,,,,,,,,,,,,,,,,,,0.1,,,
,Jamie Donley,,,,,,,,,,,,,,,,,,,,,,,,,,,,0.0,0.0,,,,,,,,,,,,,,,,,,,,,,,,,,,,,
,Jayden Danns,,,,,,,,,,,,,,,,,,,,,,,,,,,,0.0,0.0,,,,,,,,,,,,,,,,,,,,,,,,,,,,,
,Joe White,,,,,,,,,,,,,,,,,,,,,,,,,,,,0.0,0.0,,,,,,,,,,,,,,,,,,,,,,,,,,,,,
,Joseph Johnson,,,,,,,,,,,,,,,,,,,,,,,,,,,,0.0,0.0,,,,,,,,,,,,,,,,,,,,,,,,,,,,,
,Marcus Bettinelli,,,,,,,,,,,,,,,,,,,,,,,,,,,,,,,,,,,,,,,,,,,,,,,,,,,,,,,,,,
,Marek Rodak,,,,,,,,,,,,,,,,,,,,,,,,,,,,,,,,,,,,,,,,,,,,,,,,,,,,,,,,,,
,Mark O'Mahony,,,,,,,,,,,,,,,,,,,,,,,,,,,,0.0,0.0,,,,,,,,,,,,,,,,,,,,,,,,,,0.1,,,
,Matt Targett,,,,,,,,,,,,,,,,,,,,,,,,,,,,0.0,0.0,,,,,,,,,,,,,1.0,1.2,,,,,,,,,,,,,,,
,Rhys Norrington-Davies,,,,,,,,,,,,,,,,,,,,,,,,,,,,0.0,0.0,,,,,,,,,,,,,1.0,0.8,,,,,,,,,,,,,,,
,Romain Faivre,,,,,,,,,,,,,,,,,,,,,,,,,,,,0.0,0.0,,,,,,,,,,,,,,,,,,,,,,,,,,0.2,,,
,Santiago Bueno,,,,,,,,,,,,,,,,,,,,,,,,,,,,0.0,0.0,,,,,,,,,,,,,2.0,0.2,,,,,,,,,,,,,,,
,Tawanda Chirewa,,,,,,,,,,,,,,,,,,,,,,,,,,0.1,0.0,0.1,0.0,,,,,,,,,,,,,1.0,0.6,,,,,,,,,,,,0.2,,,
,Willy Kambwala,,,,,,,,,,,,,,,,,,,,,,,,,,,,0.0,0.0,,,,,,,,,,,,,,,,,,,,,,,,,,,,,
,Hamed Traorè,,,,,,,,,,,,,,,,,,,,,,,,,,0.4,0.0,0.0,0.0,,,,,,,,,,,,,1.0,2.0,,,,,,,,,,,,0.2,,,
,Facundo Pellistri,,,,,,,,,,,,,,,,,,,,,,,,,,0.3,0.0,0.4,1.0,,,,,,,,,,,,,1.0,0.5,,,1.0,0.4,,,,,,,,0.7,,,
,Manuel Benson,,,,,,,,,,,,,,,,,,,,,,,,,,0.3,0.0,0.2,0.0,,,,,,,,,,,,,1.0,0.8,,,,,,,,,,,,0.1,,,
,Giovanni Reyna,,,,,,,,,,,,,,,,,,,,,,,,,,0.2,0.0,0.4,1.0,,,,,,,,,,,,,7.0,2.7,,,1.0,0.4,,,,,,,,0.3,,,
,Aleksandar Mitrovic,,,,,,,,,,,,,,,,,,,,,,,,,,0.1,0.0,0.0,0.0,,,,,,,,,,,,,,,,,,,,,,,,,,0.2,,,
,Jesurun Rak-Sakyi,,,,,,,,,,,,,,,,,,,,,,,,,,0.1,0.0,0.1,0.0,,,,,,,,,,,,,2.0,1.4,,,,,,,,,,,,0.4,,,
,Mohamed Elneny,,,,,,,,,,,,,,,,,,,,,,,,,,0.1,0.0,0.0,0.0,,,,,,,,,,,,,,,,,,,,,,,,,,0.1,,,
,Ryan Giles,,,,,,,,,,,,,,,,,,,,,,,,,,0.1,0.0,0.6,0.0,,,,,,,,,,,,,5.0,0.9,,,,,,,,,,,,0.1,,,
,Aymeric Laporte,,,,,,,,,,,,,,,,,,,,,,,,,,0.0,0.0,0.0,0.0,,,,,,,,,,,,,,,,,,,,,,,,,,0.0,,,
,Philippe Coutinho,,,,,,,,,,,,,,,,,,,,,,,,,,0.0,0.0,0.0,0.0,,,,,,,,,,,,,,,,,,,,,,,,,,0.1,,,
,Sergio Gomez,,,,,,,,,,,,,,,,,,,,,,,,,,,,0.2,1.0,,,,,,,,,,,,,1.0,1.9,,,1.0,0.2,,,,,,,,0.2,,,
,Joe Rothwell,,,,,,,,,,,,,,,,,,,,,,,,,,,,0.2,0.0,1.0,11.0,,,,,,,,,,,4.0,0.9,,,,,,,,,,,,0.1,,,
,Joshua Dasilva,,,,,,,,,,,,,,,,,,,,,,,,,,,,0.2,0.0,,,,,,,,,,,,,1.0,3.9,,,,,,,,,,,,,,,
,Scott McKenna,,,,,,,,,,,,,,,,,,,,,,,,,,,,0.2,0.0,,,,,,,,,,,,,3.0,0.6,,,,,,,,,,,,0.2,,,
,Tyrone Mings,,,,,,,,,,,,,,,,,,,,,,,,,,,,0.2,0.0,,,,,,,,,,,,,1.0,2.9,,,,,,,,,,,,0.0,,,
,Cesare Casadei,,,,,,,,,,,,,,,,,,,,,,,,,,,,0.1,0.0,,,,,,,,,,,,,2.0,2.5,,,,,,,,,,,,,,,
,Jadon Sancho,,,,,,,,,,,,,,,,,,,,,,,,,,,,0.1,0.0,,,,,,,,,,,,,1.0,1.2,,,,,,,,,,,,,,,
,Jairo Riedewald,,,,,,,,,,,,,,,,,,,,,,,,,,,,0.1,0.0,,,,,,,,,,,,,,,,,,,,,,,,,,0.0,,,
,Alex Murphy,,,,,,,,,,,,,,,,,,,,,,,,,,,,0.0,0.0,,,,,,,,,,,,,,,,,,,,,,,,,,,,,
,Amadou Diallo,,,,,,,,,,,,,,,,,,,,,,,,,,,,0.0,0.0,,,,,,,,,,,,,,,,,,,,,,,,,,,,,
,Andrey Santos,,,,,,,,,,,,,,,,,,,,,,,,,,,,0.0,0.0,,,,,,,,,,,,,,,,,,,,,,,,,,0.1,,,
,Antwoine Hackford,,,,,,,,,,,,,,,,,,,,,,,,,,,,0.0,0.0,,,,,,,,,,,,,,,,,,,,,,,,,,,,,
,Ben Doak,,,,,,,,,,,,,,,,,,,,,,,,,,,,0.0,0.0,,,,,,,,,,,,,,,,,,,,,,,,,,,,,
,Ben Parkinson,,,,,,,,,,,,,,,,,,,,,,,,,,,,0.0,0.0,,,,,,,,,,,,,,,,,,,,,,,,,,,,,
,Bertrand Traoré,,,,,,,,,,,,,,,,,,,,,,,,,,,,0.0,0.0,,,,,,,,,,,,,,,,,,,,,,,,,,,,,
,Bobby Clark,,,,,,,,,,,,,,,,,,,,,,,,,,,,0.0,0.0,,,,,,,,,,,,,,,,,,,,,,,,,,0.1,,,
,Brandon Aguilera,,,,,,,,,,,,,,,,,,,,,,,,,,,,0.0,0.0,,,,,,,,,,,,,,,,,,,,,,,,,,,,,
,Cédric Soares,,,,,,,,,,,,,,,,,,,,,,,,,,,,0.0,0.0,,,,,,,,,,,,,,,,,,,,,,,,,,,,,
,Dane Scarlett,,,,,,,,,,,,,,,,,,,,,,,,,,,,0.0,0.0,,,,,,,,,,,,,,,,,,,,,,,,,,,,,
,Daniel Jebbison,,,,,,,,,,,,,,,,,,,,,,,,,,,,0.0,0.0,,,,,,,,,,,,,,,,,,,,,,,,,,,,,
,Deivid Washington,,,,,,,,,,,,,,,,,,,,,,,,,,,,0.0,0.0,,,,,,,,,,,,,,,,,,,,,,,,,,0.5,,,
,Divin Mubama,,,,,,,,,,,,,,,,,,,,,,,,,,,,0.0,0.0,,,,,,,,,,,,,,,,,,,,,,,,,,0.1,,,
,Donny van de Beek,,,,,,,,,,,,,,,,,,,,,,,,,,,,0.0,0.0,,,,,,,,,,,,,1.0,45.0,,,,,,,,,,,,0.0,,,
,Enso Gonzalez,,,,,,,,,,,,,,,,,,,,,,,,,,,,0.0,0.0,,,,,,,,,,,,,,,,,,,,,,,,,,,,,
,Eric Dier,,,,,,,,,,,,,,,,,,,,,,,,,,,,0.0,0.0,,,,,,,,,,,,,,,,,,,,,,,,,,,,,
,Ethan Nwaneri,,,,,,,,,,,,,,,,,,,,,,,,,,,,0.0,0.0,,,,,,,,,,,,,1.0,6.9,,,,,,,,,,,,,,,
,Finley Munroe,,,,,,,,,,,,,,,,,,,,,,,,,,,,0.0,0.0,,,,,,,,,,,,,,,,,,,,,,,,,,,,,
,Han-Noah Massengo,,,,,,,,,,,,,,,,,,,,,,,,,,,,0.0,0.0,,,,,,,,,,,,,,,,,,,,,,,,,,,,,
,Ionut Andrei Radu,,,,,,,,,,,,,,,,,,,,,,,,,,,,0.0,0.0,,,,,,,,,,,,,,,,,,,,,,,,,,,,,
,Jack Cork,,,,,,,,,,,,,,,,,,,,,,,,,,,,0.0,0.0,,,,,,,,,,,,,,,,,,,,,,,,,,,,,
,Jaden Philogene-Bidace,,,,,,,,,,,,,,,,,,,,,,,,,,,,0.0,0.0,,,,,,,,,,,,,,,,,,,,,,,,,,,,,
,James Hill,,,,,,,,,,,,,,,,,,,,,,,,,,,,0.0,0.0,,,,,,,,,,,,,,,,,,,,,,,,,,,,,
,James McConnell,,,,,,,,,,,,,,,,,,,,,,,,,,,,0.0,0.0,,,,,,,,,,,,,,,,,,,,,,,,,,,,,
,James Shea,,,,,,,,,,,,,,,,,,,,,,,,,,,,0.0,0.0,,,,,,,,,,,,,,,,,,,,,,,,,,,,,
,James Tomkins,,,,,,,,,,,,,,,,,,,,,,,,,,,,0.0,0.0,,,,,,,,,,,,,,,,,,,,,,,,,,,,,
,Josh Acheampong,,,,,,,,,,,,,,,,,,,,,,,,,,,,0.0,0.0,,,,,,,,,,,,,,,,,,,,,,,,,,,,,
,Kaide Gordon,,,,,,,,,,,,,,,,,,,,,,,,,,,,0.0,0.0,,,,,,,,,,,,,,,,,,,,,,,,,,,,,
,Leon Chiwome,,,,,,,,,,,,,,,,,,,,,,,,,,,,0.0,0.0,,,,,,,,,,,,,,,,,,,,,,,,,,0.1,,,
,Lewis Warrington,,,,,,,,,,,,,,,,,,,,,,,,,,,,0.0,0.0,,,,,,,,,,,,,,,,,,,,,,,,,,,,,
,Loris Karius,,,,,,,,,,,,,,,,,,,,,,,,,,,,0.0,0.0,,,,,,,,,,,,,,,,,,,,,,,,,,,,,
,Mason Burstow,,,,,,,,,,,,,,,,,,,,,,,,,,,,0.0,0.0,,,,,,,,,,,,,,,,,,,,,,,,,,,,,
,Michael Ndiweni,,,,,,,,,,,,,,,,,,,,,,,,,,,,0.0,0.0,,,,,,,,,,,,,,,,,,,,,,,,,,,,,
,Michael Obafemi,,,,,,,,,,,,,,,,,,,,,,,,,,,,0.0,0.0,,,,,,,,,,,,,,,,,,,,,,,,,,0.1,,,
,Michael Olakigbe,,,,,,,,,,,,,,,,,,,,,,,,,,,,0.0,0.0,,,,,,,,,,,,,,,,,,,,,,,,,,0.1,,,
,Mikey Moore,,,,,,,,,,,,,,,,,,,,,,,,,,,,0.0,0.0,,,,,,,,,,,,,,,,,,,,,,,,,,,,,
,Myles Peart-Harris,,,,,,,,,,,,,,,,,,,,,,,,,,,,0.0,0.0,,,,,,,,,,,,,1.0,8.2,,,,,,,,,,,,,,,
,Odel Offiah,,,,,,,,,,,,,,,,,,,,,,,,,,,,0.0,0.0,,,,,,,,,,,,,,,,,,,,,,,,,,,,,
,Omari Kellyman,,,,,,,,,,,,,,,,,,,,,,,,,,,,0.0,0.0,,,,,,,,,,,,,,,,,,,,,,,,,,0.1,,,
,Owen Beck,,,,,,,,,,,,,,,,,,,,,,,,,,,,0.0,0.0,,,,,,,,,,,,,,,,,,,,,,,,,,,,,
,Paul Dummett,,,,,,,,,,,,,,,,,,,,,,,,,,,,0.0,0.0,1.0,5.0,,,,,,,,,,,,,,,,,,,,,,,,0.0,,,
,Robin Olsen,,,,,,,,,,,,,,,,,,,,,,,,,,,,0.0,0.0,,,,,,,,,,,,,,,,,,,,,,,,,,,,,
,Rodrigo Ribeiro,,,,,,,,,,,,,,,,,,,,,,,,,,,,0.0,0.0,,,,,,,,,,,,,,,,,,,,,,,,,,,,,
,Romeo Lavia,,,,,,,,,,,,,,,,,,,,,,,,,,,,0.0,0.0,,,,,,,,,,,,,,,,,,,,,,,,,,,,,
,Ryan One,,,,,,,,,,,,,,,,,,,,,,,,,,,,0.0,0.0,,,,,,,,,,,,,,,,,,,,,,,,,,,,,
,Sam Curtis,,,,,,,,,,,,,,,,,,,,,,,,,,,,0.0,0.0,,,,,,,,,,,,,,,,,,,,,,,,,,,,,
,Stefan Bajcetic,,,,,,,,,,,,,,,,,,,,,,,,,,,,0.0,0.0,,,,,,,,,,,,,,,,,,,,,,,,,,,,,
,Sydie Peck,,,,,,,,,,,,,,,,,,,,,,,,,,,,0.0,0.0,,,,,,,,,,,,,,,,,,,,,,,,,,,,,
,Thiago Alcántara,,,,,,,,,,,,,,,,,,,,,,,,,,,,0.0,0.0,,,,,,,,,,,,,,,,,,,,,,,,,,,,,
,Thomas Strakosha,,,,,,,,,,,,,,,,,,,,,,,,,,,,0.0,0.0,,,,,,,,,,,,,,,,,,,,,,,,,,,,,
,Tim Iroegbunam,,,,,,,,,,,,,,,,,,,,,,,,,,,,0.0,0.0,,,,,,,,,,,,,,,,,,,,,,,,,,,,,
,Tyler Adams,,,,,,,,,,,,,,,,,,,,,,,,,,,,0.0,0.0,,,,,,,,,,,,,1.0,0.8,,,,,,,,,,,,,,,
,Zack Nelson,,,,,,,,,,,,,,,,,,,,,,,,,,,,0.0,0.0,,,,,,,,,,,,,,,,,,,,,,,,,,,,,
